timestamp,src_ip,dst_ip,src_port,dst_port,protocol,duration,bytes_sent,bytes_received,label
2026-02-10 19:56:44,192.168.1.49,10.0.0.9,15662,80,UDP,28,6219,4541,normal
2026-02-10 19:56:54,192.168.1.40,10.0.0.7,24079,80,UDP,32,9914,4064,normal
2026-02-10 19:57:04,192.168.1.12,10.0.0.1,55318,80,TCP,41,7508,3484,normal
2026-02-10 19:57:14,192.168.1.31,10.0.0.6,7842,22,TCP,12,1480,4342,normal
2026-02-10 19:57:24,192.168.1.34,10.0.0.8,23575,22,UDP,21,1134,3156,normal
2026-02-10 19:57:34,192.168.1.2,10.0.0.4,18904,21,TCP,15,5911,4017,normal
2026-02-10 19:57:44,192.168.1.49,10.0.0.8,60266,21,UDP,56,9413,721,normal
2026-02-10 19:57:54,192.168.1.3,10.0.0.10,36725,22,TCP,6,3231,2110,normal
2026-02-10 19:58:04,192.168.1.3,10.0.0.6,1164,22,TCP,28,5207,3030,normal
2026-02-10 19:58:14,192.168.1.2,10.0.0.6,34113,22,UDP,56,7128,3712,normal
2026-02-10 19:58:24,192.168.1.49,10.0.0.1,39497,80,TCP,2,4634,2239,normal
2026-02-10 19:58:34,192.168.1.48,10.0.0.5,28123,80,TCP,11,2046,3508,normal
2026-02-10 19:58:44,192.168.1.44,10.0.0.9,37873,80,UDP,53,3194,3043,normal
2026-02-10 19:58:54,192.168.1.25,10.0.0.8,22450,21,UDP,38,5604,3747,normal
2026-02-10 19:59:04,192.168.1.11,10.0.0.2,18979,80,TCP,52,5327,644,normal
2026-02-10 19:59:14,192.168.1.27,10.0.0.8,14122,22,TCP,8,7525,3294,normal
2026-02-10 19:59:24,192.168.1.44,10.0.0.4,49675,80,UDP,55,1576,4757,normal
2026-02-10 19:59:34,192.168.1.21,10.0.0.8,8351,80,TCP,22,1878,4157,normal
2026-02-10 19:59:44,192.168.1.19,10.0.0.2,27792,22,UDP,43,3160,4000,normal
2026-02-10 19:59:54,192.168.1.20,10.0.0.1,31751,443,UDP,12,235,2197,normal
2026-02-10 20:00:04,192.168.1.47,10.0.0.5,1238,80,TCP,36,8036,3172,normal
2026-02-10 20:00:14,192.168.1.9,10.0.0.9,55256,21,TCP,30,9346,4962,normal
2026-02-10 20:00:24,192.168.1.3,10.0.0.2,38873,21,UDP,26,1696,1963,normal
2026-02-10 20:00:34,192.168.1.26,10.0.0.4,24471,22,UDP,53,8872,1386,normal
2026-02-10 20:00:44,192.168.1.26,10.0.0.7,17873,443,UDP,48,2750,615,normal
2026-02-10 20:00:54,192.168.1.11,10.0.0.2,62812,80,TCP,28,548,684,normal
2026-02-10 20:01:04,192.168.1.50,10.0.0.9,35301,21,TCP,44,8376,749,normal
2026-02-10 20:01:14,192.168.1.16,10.0.0.2,35029,22,TCP,28,334,4773,normal
2026-02-10 20:01:24,192.168.1.39,10.0.0.9,51065,443,TCP,43,1593,3480,normal
2026-02-10 20:01:34,192.168.1.50,10.0.0.5,22432,22,TCP,22,9793,1929,normal
2026-02-10 20:01:44,192.168.1.25,10.0.0.9,10769,80,TCP,4,7117,3315,normal
2026-02-10 20:01:54,192.168.1.9,10.0.0.3,5071,80,UDP,16,8475,4490,normal
2026-02-10 20:02:04,192.168.1.41,10.0.0.5,11496,80,TCP,39,1459,1199,normal
2026-02-10 20:02:14,192.168.1.39,10.0.0.5,35266,443,TCP,54,4055,421,normal
2026-02-10 20:02:24,192.168.1.36,10.0.0.5,39925,443,TCP,47,8722,4957,normal
2026-02-10 20:02:34,192.168.1.2,10.0.0.1,10843,21,TCP,14,7024,1055,normal
2026-02-10 20:02:44,192.168.1.10,10.0.0.2,5602,21,TCP,1,9335,2102,normal
2026-02-10 20:02:54,192.168.1.41,10.0.0.1,38597,443,UDP,41,4836,3703,normal
2026-02-10 20:03:04,192.168.1.38,10.0.0.8,40370,21,UDP,27,6570,965,normal
2026-02-10 20:03:14,192.168.1.11,10.0.0.7,40528,443,UDP,47,7465,1784,normal
2026-02-10 20:03:24,192.168.1.12,10.0.0.10,7866,80,UDP,2,5552,464,normal
2026-02-10 20:03:34,192.168.1.22,10.0.0.7,30713,22,UDP,23,1432,3223,normal
2026-02-10 20:03:44,192.168.1.41,10.0.0.4,3296,22,UDP,7,2887,3113,normal
2026-02-10 20:03:54,192.168.1.14,10.0.0.3,17385,80,UDP,8,9868,4671,normal
2026-02-10 20:04:04,192.168.1.48,10.0.0.6,25968,80,UDP,57,8120,4047,normal
2026-02-10 20:04:14,192.168.1.11,10.0.0.5,7859,443,UDP,40,1542,1490,normal
2026-02-10 20:04:24,192.168.1.35,10.0.0.3,57266,443,TCP,30,4613,3900,normal
2026-02-10 20:04:34,192.168.1.38,10.0.0.5,42187,443,UDP,3,6654,4787,normal
2026-02-10 20:04:44,192.168.1.42,10.0.0.9,57787,21,TCP,50,9074,3959,normal
2026-02-10 20:04:54,192.168.1.21,10.0.0.2,5417,80,TCP,42,2129,4641,normal
2026-02-10 20:05:04,192.168.1.9,10.0.0.6,25644,80,UDP,18,9473,1854,normal
2026-02-10 20:05:14,192.168.1.49,10.0.0.3,55091,80,UDP,1,9214,3574,normal
2026-02-10 20:05:24,192.168.1.42,10.0.0.2,43573,21,TCP,46,4710,1528,normal
2026-02-10 20:05:34,192.168.1.32,10.0.0.6,56384,443,UDP,37,6257,165,normal
2026-02-10 20:05:44,192.168.1.17,10.0.0.6,2017,21,UDP,4,9343,3462,normal
2026-02-10 20:05:54,192.168.1.17,10.0.0.2,9507,22,TCP,21,9302,1379,normal
2026-02-10 20:06:04,192.168.1.31,10.0.0.5,12916,443,TCP,56,4023,848,normal
2026-02-10 20:06:14,192.168.1.47,10.0.0.6,45091,80,UDP,28,6399,146,normal
2026-02-10 20:06:24,192.168.1.10,10.0.0.4,51597,443,TCP,20,4531,2866,normal
2026-02-10 20:06:34,192.168.1.9,10.0.0.9,21595,22,UDP,50,8925,372,normal
2026-02-10 20:06:44,192.168.1.15,10.0.0.6,47388,80,TCP,32,7975,4497,normal
2026-02-10 20:06:54,192.168.1.38,10.0.0.5,4633,80,UDP,7,9473,4521,normal
2026-02-10 20:07:04,192.168.1.28,10.0.0.7,38647,443,UDP,42,9622,2006,normal
2026-02-10 20:07:14,192.168.1.49,10.0.0.5,4768,443,UDP,46,657,4863,normal
2026-02-10 20:07:24,192.168.1.50,10.0.0.2,47960,22,UDP,25,4645,1320,normal
2026-02-10 20:07:34,192.168.1.38,10.0.0.1,63416,80,UDP,22,4179,4861,normal
2026-02-10 20:07:44,192.168.1.25,10.0.0.1,48136,80,TCP,3,1142,4633,normal
2026-02-10 20:07:54,192.168.1.16,10.0.0.10,25442,22,UDP,51,2035,2204,normal
2026-02-10 20:08:04,192.168.1.49,10.0.0.7,56487,22,TCP,47,4585,2206,normal
2026-02-10 20:08:14,192.168.1.48,10.0.0.4,38303,443,UDP,59,6908,3049,normal
2026-02-10 20:08:24,192.168.1.39,10.0.0.9,63009,443,TCP,13,3400,2086,normal
2026-02-10 20:08:34,192.168.1.36,10.0.0.6,12150,443,TCP,55,3922,3026,normal
2026-02-10 20:08:44,192.168.1.34,10.0.0.2,60484,80,TCP,38,4730,4736,normal
2026-02-10 20:08:54,192.168.1.39,10.0.0.4,17111,22,TCP,41,5726,656,normal
2026-02-10 20:09:04,192.168.1.6,10.0.0.8,61493,80,UDP,52,2463,2539,normal
2026-02-10 20:09:14,192.168.1.35,10.0.0.10,2594,443,TCP,4,5574,4409,normal
2026-02-10 20:09:24,192.168.1.1,10.0.0.6,14482,22,TCP,48,9395,4349,normal
2026-02-10 20:09:34,192.168.1.20,10.0.0.5,63397,22,TCP,25,4154,3804,normal
2026-02-10 20:09:44,192.168.1.22,10.0.0.3,61209,80,UDP,28,8092,4762,normal
2026-02-10 20:09:54,192.168.1.7,10.0.0.10,6867,21,UDP,7,3680,856,normal
2026-02-10 20:10:04,192.168.1.39,10.0.0.3,13116,443,UDP,41,9035,3790,normal
2026-02-10 20:10:14,192.168.1.4,10.0.0.2,43487,21,TCP,43,8641,496,normal
2026-02-10 20:10:24,192.168.1.14,10.0.0.1,4612,80,TCP,27,3473,3368,normal
2026-02-10 20:10:34,192.168.1.27,10.0.0.6,4904,21,TCP,29,6354,1475,normal
2026-02-10 20:10:44,192.168.1.21,10.0.0.3,11384,80,TCP,15,6789,664,normal
2026-02-10 20:10:54,192.168.1.27,10.0.0.2,65262,22,UDP,25,2913,3956,normal
2026-02-10 20:11:04,192.168.1.41,10.0.0.3,57890,22,UDP,1,556,4745,normal
2026-02-10 20:11:14,192.168.1.13,10.0.0.9,63028,80,TCP,45,442,3102,normal
2026-02-10 20:11:24,192.168.1.29,10.0.0.7,44901,21,UDP,50,8867,1710,normal
2026-02-10 20:11:34,192.168.1.23,10.0.0.5,8188,80,UDP,58,5100,2410,normal
2026-02-10 20:11:44,192.168.1.43,10.0.0.8,4454,80,TCP,52,3921,4392,normal
2026-02-10 20:11:54,192.168.1.2,10.0.0.8,45522,21,UDP,31,1124,1379,normal
2026-02-10 20:12:04,192.168.1.2,10.0.0.6,28112,22,TCP,22,1354,1905,normal
2026-02-10 20:12:14,192.168.1.27,10.0.0.3,65358,443,TCP,43,7093,1988,normal
2026-02-10 20:12:24,192.168.1.21,10.0.0.2,56855,22,UDP,52,3429,2567,normal
2026-02-10 20:12:34,192.168.1.38,10.0.0.5,48712,80,TCP,17,7784,4362,normal
2026-02-10 20:12:44,192.168.1.35,10.0.0.9,27634,22,UDP,38,9843,2736,normal
2026-02-10 20:12:54,192.168.1.42,10.0.0.7,53052,443,UDP,56,3732,4969,normal
2026-02-10 20:13:04,192.168.1.17,10.0.0.9,57922,22,UDP,29,8274,544,normal
2026-02-10 20:13:14,192.168.1.31,10.0.0.9,24415,80,UDP,57,5942,743,normal
2026-02-10 20:13:24,192.168.1.43,10.0.0.3,46210,21,UDP,51,2271,1330,normal
2026-02-10 20:13:34,192.168.1.2,10.0.0.8,44121,21,TCP,5,1641,3999,normal
2026-02-10 20:13:44,192.168.1.47,10.0.0.3,13795,443,TCP,28,9400,1721,normal
2026-02-10 20:13:54,192.168.1.12,10.0.0.3,55896,21,UDP,27,6401,4673,normal
2026-02-10 20:14:04,192.168.1.35,10.0.0.2,22604,443,TCP,59,1879,679,normal
2026-02-10 20:14:14,192.168.1.17,10.0.0.10,46518,443,UDP,14,841,4885,normal
2026-02-10 20:14:24,192.168.1.16,10.0.0.8,18713,80,UDP,28,4162,2696,normal
2026-02-10 20:14:34,192.168.1.29,10.0.0.5,28511,21,UDP,24,9774,3499,normal
2026-02-10 20:14:44,192.168.1.44,10.0.0.6,42886,22,TCP,56,7403,3788,normal
2026-02-10 20:14:54,192.168.1.5,10.0.0.4,59281,21,TCP,22,2789,622,normal
2026-02-10 20:15:04,192.168.1.2,10.0.0.10,30356,443,TCP,53,7782,457,normal
2026-02-10 20:15:14,192.168.1.1,10.0.0.9,60062,443,UDP,29,5577,3550,normal
2026-02-10 20:15:24,192.168.1.29,10.0.0.1,12219,80,TCP,37,8506,3483,normal
2026-02-10 20:15:34,192.168.1.44,10.0.0.9,23868,21,TCP,10,3287,3723,normal
2026-02-10 20:15:44,192.168.1.16,10.0.0.6,29317,443,TCP,10,4446,1865,normal
2026-02-10 20:15:54,192.168.1.19,10.0.0.8,29656,22,UDP,35,7749,4964,normal
2026-02-10 20:16:04,192.168.1.13,10.0.0.5,17851,21,TCP,45,7826,127,normal
2026-02-10 20:16:14,192.168.1.44,10.0.0.10,4046,21,UDP,16,1074,370,normal
2026-02-10 20:16:24,192.168.1.6,10.0.0.5,51349,21,UDP,52,8489,1709,normal
2026-02-10 20:16:34,192.168.1.33,10.0.0.10,38401,443,UDP,48,9791,1275,normal
2026-02-10 20:16:44,192.168.1.17,10.0.0.3,21429,21,TCP,12,3510,2423,normal
2026-02-10 20:16:54,192.168.1.48,10.0.0.4,6060,443,UDP,4,7128,2688,normal
2026-02-10 20:17:04,192.168.1.13,10.0.0.9,4216,22,TCP,24,7282,4701,normal
2026-02-10 20:17:14,192.168.1.3,10.0.0.1,49700,22,TCP,23,6120,1057,normal
2026-02-10 20:17:24,192.168.1.1,10.0.0.10,55688,80,TCP,4,1835,1767,normal
2026-02-10 20:17:34,192.168.1.19,10.0.0.5,31440,22,UDP,45,4377,2395,normal
2026-02-10 20:17:44,192.168.1.20,10.0.0.1,4360,443,TCP,21,7185,4811,normal
2026-02-10 20:17:54,192.168.1.9,10.0.0.4,3303,443,UDP,40,2926,426,normal
2026-02-10 20:18:04,192.168.1.12,10.0.0.5,60917,80,TCP,48,8323,4967,normal
2026-02-10 20:18:14,192.168.1.17,10.0.0.7,8737,21,TCP,30,7744,4993,normal
2026-02-10 20:18:24,192.168.1.17,10.0.0.4,19968,80,UDP,47,1512,1321,normal
2026-02-10 20:18:34,192.168.1.1,10.0.0.7,4866,21,TCP,59,4123,4934,normal
2026-02-10 20:18:44,192.168.1.38,10.0.0.6,3395,22,UDP,3,7309,1355,normal
2026-02-10 20:18:54,192.168.1.3,10.0.0.6,11700,443,UDP,40,9418,2635,normal
2026-02-10 20:19:04,192.168.1.15,10.0.0.6,43303,22,UDP,50,6135,511,normal
2026-02-10 20:19:14,192.168.1.39,10.0.0.6,63697,22,TCP,35,5046,2391,normal
2026-02-10 20:19:24,192.168.1.18,10.0.0.6,28522,443,UDP,22,6282,4519,normal
2026-02-10 20:19:34,192.168.1.24,10.0.0.3,8971,80,UDP,4,2677,446,normal
2026-02-10 20:19:44,192.168.1.22,10.0.0.10,4573,80,UDP,34,6933,2267,normal
2026-02-10 20:19:54,192.168.1.1,10.0.0.6,59948,21,TCP,8,9003,2129,normal
2026-02-10 20:20:04,192.168.1.30,10.0.0.9,1923,80,UDP,45,1889,4982,normal
2026-02-10 20:20:14,192.168.1.47,10.0.0.1,57050,443,UDP,23,2134,2784,normal
2026-02-10 20:20:24,192.168.1.50,10.0.0.6,64247,443,TCP,30,6696,1081,normal
2026-02-10 20:20:34,192.168.1.27,10.0.0.4,55316,443,UDP,59,6705,3039,normal
2026-02-10 20:20:44,192.168.1.29,10.0.0.5,53035,21,TCP,40,6627,2326,normal
2026-02-10 20:20:54,192.168.1.21,10.0.0.3,33661,22,UDP,54,1784,3995,normal
2026-02-10 20:21:04,192.168.1.37,10.0.0.5,17404,80,UDP,57,7363,3802,normal
2026-02-10 20:21:14,192.168.1.41,10.0.0.6,25251,21,TCP,26,2148,1948,normal
2026-02-10 20:21:24,192.168.1.18,10.0.0.10,17284,22,TCP,20,1287,2871,normal
2026-02-10 20:21:34,192.168.1.29,10.0.0.4,39473,80,TCP,6,8078,1381,normal
2026-02-10 20:21:44,192.168.1.50,10.0.0.7,61511,22,TCP,29,3476,2990,normal
2026-02-10 20:21:54,192.168.1.32,10.0.0.3,29330,443,TCP,9,7073,4496,normal
2026-02-10 20:22:04,192.168.1.2,10.0.0.2,8526,443,UDP,10,2906,126,normal
2026-02-10 20:22:14,192.168.1.38,10.0.0.7,54520,21,UDP,2,1521,1370,normal
2026-02-10 20:22:24,192.168.1.45,10.0.0.4,14625,22,UDP,31,7199,1811,normal
2026-02-10 20:22:34,192.168.1.50,10.0.0.2,23802,22,UDP,6,573,3240,normal
2026-02-10 20:22:44,192.168.1.18,10.0.0.9,63595,443,TCP,13,7635,2949,normal
2026-02-10 20:22:54,192.168.1.39,10.0.0.3,2807,22,TCP,23,186,1924,normal
2026-02-10 20:23:04,192.168.1.24,10.0.0.1,56535,443,UDP,25,4129,4059,normal
2026-02-10 20:23:14,192.168.1.32,10.0.0.8,47822,80,UDP,47,522,2032,normal
2026-02-10 20:23:24,192.168.1.5,10.0.0.9,26600,443,TCP,11,1409,3535,normal
2026-02-10 20:23:34,192.168.1.14,10.0.0.2,18476,21,TCP,47,8131,1996,normal
2026-02-10 20:23:44,192.168.1.25,10.0.0.8,7744,443,UDP,23,3576,4124,normal
2026-02-10 20:23:54,192.168.1.38,10.0.0.2,38016,21,TCP,41,9801,2026,normal
2026-02-10 20:24:04,192.168.1.42,10.0.0.3,1523,443,TCP,5,1347,1451,normal
2026-02-10 20:24:14,192.168.1.5,10.0.0.9,51530,443,UDP,41,9323,3973,normal
2026-02-10 20:24:24,192.168.1.45,10.0.0.3,58515,22,TCP,41,993,1927,normal
2026-02-10 20:24:34,192.168.1.27,10.0.0.7,20521,443,TCP,19,9389,2458,normal
2026-02-10 20:24:44,192.168.1.36,10.0.0.8,16799,80,UDP,35,5582,891,normal
2026-02-10 20:24:54,192.168.1.23,10.0.0.1,47765,21,TCP,5,8375,1395,normal
2026-02-10 20:25:04,192.168.1.4,10.0.0.4,62048,80,UDP,19,591,1875,normal
2026-02-10 20:25:14,192.168.1.32,10.0.0.6,64683,22,TCP,55,8814,2766,normal
2026-02-10 20:25:24,192.168.1.40,10.0.0.1,40109,80,UDP,52,7691,1700,normal
2026-02-10 20:25:34,192.168.1.12,10.0.0.4,43002,80,UDP,51,9382,2551,normal
2026-02-10 20:25:44,192.168.1.41,10.0.0.5,52862,21,UDP,2,2732,2102,normal
2026-02-10 20:25:54,192.168.1.24,10.0.0.8,7678,443,TCP,47,6440,357,normal
2026-02-10 20:26:04,192.168.1.35,10.0.0.7,11401,22,UDP,28,8250,2933,normal
2026-02-10 20:26:14,192.168.1.11,10.0.0.7,22446,80,TCP,1,3396,1651,normal
2026-02-10 20:26:24,192.168.1.13,10.0.0.4,50610,22,UDP,6,503,2598,normal
2026-02-10 20:26:34,192.168.1.18,10.0.0.7,48623,443,UDP,43,5921,2814,normal
2026-02-10 20:26:44,192.168.1.34,10.0.0.4,20893,22,TCP,55,7911,991,normal
2026-02-10 20:26:54,192.168.1.7,10.0.0.9,37949,22,UDP,26,9028,530,normal
2026-02-10 20:27:04,192.168.1.32,10.0.0.3,49856,80,TCP,7,3506,2697,normal
2026-02-10 20:27:14,192.168.1.25,10.0.0.8,36701,443,UDP,18,7738,2346,normal
2026-02-10 20:27:24,192.168.1.24,10.0.0.2,63940,21,UDP,49,433,844,normal
2026-02-10 20:27:34,192.168.1.32,10.0.0.10,55330,22,UDP,16,9822,2975,normal
2026-02-10 20:27:44,192.168.1.10,10.0.0.9,11471,21,UDP,55,9209,4802,normal
2026-02-10 20:27:54,192.168.1.25,10.0.0.1,50838,22,UDP,6,9546,2024,normal
2026-02-10 20:28:04,192.168.1.22,10.0.0.6,53659,22,UDP,45,837,1619,normal
2026-02-10 20:28:14,192.168.1.26,10.0.0.10,55283,21,UDP,47,9050,4398,normal
2026-02-10 20:28:24,192.168.1.44,10.0.0.1,11373,443,TCP,49,2429,3304,normal
2026-02-10 20:28:34,192.168.1.34,10.0.0.6,3278,22,UDP,39,3039,3445,normal
2026-02-10 20:28:44,192.168.1.5,10.0.0.7,8366,443,TCP,29,2835,3142,normal
2026-02-10 20:28:54,192.168.1.34,10.0.0.3,6598,21,UDP,6,1597,2079,normal
2026-02-10 20:29:04,192.168.1.38,10.0.0.5,36477,80,UDP,10,6032,3062,normal
2026-02-10 20:29:14,192.168.1.47,10.0.0.1,35197,443,TCP,34,9262,1656,normal
2026-02-10 20:29:24,192.168.1.34,10.0.0.7,41458,80,UDP,7,3576,3744,normal
2026-02-10 20:29:34,192.168.1.43,10.0.0.6,40170,443,UDP,6,4758,2802,normal
2026-02-10 20:29:44,192.168.1.35,10.0.0.3,17236,22,UDP,10,9775,1020,normal
2026-02-10 20:29:54,192.168.1.4,10.0.0.3,42931,22,UDP,22,1278,185,normal
2026-02-10 20:30:04,192.168.1.15,10.0.0.1,7168,80,TCP,5,6887,300,normal
2026-02-10 20:30:14,192.168.1.25,10.0.0.4,1588,21,TCP,39,8373,1131,normal
2026-02-10 20:30:24,192.168.1.47,10.0.0.5,13690,443,UDP,41,9528,243,normal
2026-02-10 20:30:34,192.168.1.42,10.0.0.5,56139,22,TCP,16,7343,2171,normal
2026-02-10 20:30:44,192.168.1.4,10.0.0.9,23407,21,UDP,57,7254,2375,normal
2026-02-10 20:30:54,192.168.1.21,10.0.0.3,20113,443,TCP,31,6065,2712,normal
2026-02-10 20:31:04,192.168.1.13,10.0.0.9,1142,21,UDP,53,3606,3841,normal
2026-02-10 20:31:14,192.168.1.46,10.0.0.6,16643,22,UDP,27,990,700,normal
2026-02-10 20:31:24,192.168.1.16,10.0.0.4,52125,22,UDP,16,6291,3080,normal
2026-02-10 20:31:34,192.168.1.14,10.0.0.5,39228,22,UDP,49,3411,792,normal
2026-02-10 20:31:44,192.168.1.16,10.0.0.9,25581,21,TCP,24,7255,1300,normal
2026-02-10 20:31:54,192.168.1.33,10.0.0.2,33331,21,TCP,39,3901,3975,normal
2026-02-10 20:32:04,192.168.1.47,10.0.0.4,46700,443,UDP,5,2921,4038,normal
2026-02-10 20:32:14,192.168.1.43,10.0.0.1,3555,21,UDP,59,6315,4448,normal
2026-02-10 20:32:24,192.168.1.6,10.0.0.9,27416,22,UDP,15,6390,3331,normal
2026-02-10 20:32:34,192.168.1.16,10.0.0.10,58186,22,UDP,20,644,225,normal
2026-02-10 20:32:44,192.168.1.19,10.0.0.10,42996,22,UDP,27,3982,178,normal
2026-02-10 20:32:54,192.168.1.33,10.0.0.2,18913,80,UDP,27,3209,1255,normal
2026-02-10 20:33:04,192.168.1.50,10.0.0.5,59664,22,TCP,44,1348,3669,normal
2026-02-10 20:33:14,192.168.1.19,10.0.0.6,2995,443,UDP,41,7087,956,normal
2026-02-10 20:33:24,192.168.1.43,10.0.0.9,24351,443,UDP,11,1715,2182,normal
2026-02-10 20:33:34,192.168.1.20,10.0.0.8,41171,21,TCP,25,6911,2765,normal
2026-02-10 20:33:44,192.168.1.10,10.0.0.1,34033,443,TCP,54,6361,2144,normal
2026-02-10 20:33:54,192.168.1.27,10.0.0.2,3674,80,UDP,59,2831,4874,normal
2026-02-10 20:34:04,192.168.1.20,10.0.0.1,42161,443,UDP,33,4494,1413,normal
2026-02-10 20:34:14,192.168.1.11,10.0.0.1,34834,80,TCP,19,5890,819,normal
2026-02-10 20:34:24,192.168.1.49,10.0.0.9,9718,22,TCP,7,2189,4194,normal
2026-02-10 20:34:34,192.168.1.4,10.0.0.4,8116,22,TCP,1,8137,872,normal
2026-02-10 20:34:44,192.168.1.28,10.0.0.7,2297,443,TCP,25,2549,4527,normal
2026-02-10 20:34:54,192.168.1.48,10.0.0.8,44015,443,UDP,15,1250,834,normal
2026-02-10 20:35:04,192.168.1.16,10.0.0.1,50196,21,UDP,10,3899,3690,normal
2026-02-10 20:35:14,192.168.1.31,10.0.0.10,41805,80,UDP,24,3126,4960,normal
2026-02-10 20:35:24,192.168.1.48,10.0.0.1,29844,443,UDP,32,9409,3608,normal
2026-02-10 20:35:34,192.168.1.11,10.0.0.4,36558,22,TCP,11,7041,908,normal
2026-02-10 20:35:44,192.168.1.41,10.0.0.2,52087,22,TCP,38,7850,4063,normal
2026-02-10 20:35:54,192.168.1.18,10.0.0.9,44528,443,UDP,59,3666,4554,normal
2026-02-10 20:36:04,192.168.1.35,10.0.0.5,2596,21,UDP,34,5748,1438,normal
2026-02-10 20:36:14,192.168.1.41,10.0.0.7,18495,80,TCP,58,7186,1001,normal
2026-02-10 20:36:24,192.168.1.37,10.0.0.2,24608,80,TCP,52,6838,2066,normal
2026-02-10 20:36:34,192.168.1.20,10.0.0.6,51811,80,TCP,46,9701,4099,normal
2026-02-10 20:36:44,192.168.1.46,10.0.0.7,9053,443,TCP,44,8588,288,normal
2026-02-10 20:36:54,192.168.1.29,10.0.0.10,43534,443,TCP,49,7645,805,normal
2026-02-10 20:37:04,192.168.1.41,10.0.0.2,12171,22,TCP,40,3956,2828,normal
2026-02-10 20:37:14,192.168.1.22,10.0.0.2,43426,21,UDP,24,8155,4825,normal
2026-02-10 20:37:24,192.168.1.19,10.0.0.10,6974,80,UDP,41,7372,1058,normal
2026-02-10 20:37:34,192.168.1.1,10.0.0.8,37256,21,UDP,10,4082,1083,normal
2026-02-10 20:37:44,192.168.1.15,10.0.0.3,18748,443,UDP,33,3324,614,normal
2026-02-10 20:37:54,192.168.1.46,10.0.0.5,27096,21,UDP,17,4330,4150,normal
2026-02-10 20:38:04,192.168.1.50,10.0.0.3,9208,22,TCP,6,1840,3071,normal
2026-02-10 20:38:14,192.168.1.3,10.0.0.8,56538,21,TCP,49,2884,2526,normal
2026-02-10 20:38:24,192.168.1.2,10.0.0.8,40618,21,TCP,51,9778,2226,normal
2026-02-10 20:38:34,192.168.1.3,10.0.0.3,42191,22,UDP,25,7973,4296,normal
2026-02-10 20:38:44,192.168.1.34,10.0.0.6,41834,80,UDP,59,7543,4802,normal
2026-02-10 20:38:54,192.168.1.28,10.0.0.1,26830,21,TCP,56,3702,4731,normal
2026-02-10 20:39:04,192.168.1.40,10.0.0.6,5197,22,TCP,25,9858,157,normal
2026-02-10 20:39:14,192.168.1.8,10.0.0.10,15693,443,UDP,24,9874,3566,normal
2026-02-10 20:39:24,192.168.1.9,10.0.0.8,34887,22,UDP,14,8485,953,normal
2026-02-10 20:39:34,192.168.1.6,10.0.0.5,49415,22,TCP,24,3681,3867,normal
2026-02-10 20:39:44,192.168.1.47,10.0.0.7,62430,22,TCP,21,3155,4360,normal
2026-02-10 20:39:54,192.168.1.6,10.0.0.9,14409,80,TCP,11,9402,3719,normal
2026-02-10 20:40:04,192.168.1.7,10.0.0.9,11943,80,UDP,28,5346,3076,normal
2026-02-10 20:40:14,192.168.1.34,10.0.0.8,17106,443,UDP,3,9027,3552,normal
2026-02-10 20:40:24,192.168.1.4,10.0.0.10,9661,443,UDP,25,8705,666,normal
2026-02-10 20:40:34,192.168.1.3,10.0.0.8,20546,443,TCP,25,8787,4539,normal
2026-02-10 20:40:44,192.168.1.26,10.0.0.6,25588,21,TCP,37,8187,3112,normal
2026-02-10 20:40:54,192.168.1.33,10.0.0.9,29374,21,UDP,45,458,198,normal
2026-02-10 20:41:04,192.168.1.10,10.0.0.6,24696,22,TCP,2,7893,3518,normal
2026-02-10 20:41:14,192.168.1.49,10.0.0.7,25957,22,TCP,31,3582,3392,normal
2026-02-10 20:41:24,192.168.1.44,10.0.0.4,61488,80,TCP,38,7658,3530,normal
2026-02-10 20:41:34,192.168.1.19,10.0.0.10,15731,21,UDP,7,917,2703,normal
2026-02-10 20:41:44,192.168.1.49,10.0.0.9,23667,22,TCP,31,2329,4618,normal
2026-02-10 20:41:54,192.168.1.31,10.0.0.6,7456,21,TCP,44,7660,814,normal
2026-02-10 20:42:04,192.168.1.39,10.0.0.3,19315,443,TCP,58,4106,1773,normal
2026-02-10 20:42:14,192.168.1.46,10.0.0.7,51986,22,UDP,50,3592,1633,normal
2026-02-10 20:42:24,192.168.1.43,10.0.0.7,26543,443,TCP,57,1647,4891,normal
2026-02-10 20:42:34,192.168.1.15,10.0.0.7,52313,80,UDP,39,4258,210,normal
2026-02-10 20:42:44,192.168.1.7,10.0.0.7,24489,21,TCP,10,5491,442,normal
2026-02-10 20:42:54,192.168.1.37,10.0.0.1,48550,443,TCP,42,468,4566,normal
2026-02-10 20:43:04,192.168.1.4,10.0.0.9,8114,443,UDP,58,3940,1611,normal
2026-02-10 20:43:14,192.168.1.35,10.0.0.4,63455,80,TCP,27,8345,2973,normal
2026-02-10 20:43:24,192.168.1.23,10.0.0.9,24906,22,TCP,11,5815,577,normal
2026-02-10 20:43:34,192.168.1.45,10.0.0.9,31329,22,UDP,54,7417,1080,normal
2026-02-10 20:43:44,192.168.1.30,10.0.0.2,37677,80,UDP,23,8976,1008,normal
2026-02-10 20:43:54,192.168.1.46,10.0.0.6,36317,22,UDP,56,7944,1343,normal
2026-02-10 20:44:04,192.168.1.9,10.0.0.10,47657,80,TCP,39,1255,3013,normal
2026-02-10 20:44:14,192.168.1.31,10.0.0.9,45802,21,TCP,8,9768,2505,normal
2026-02-10 20:44:24,192.168.1.41,10.0.0.10,54462,80,TCP,53,2677,2692,normal
2026-02-10 20:44:34,192.168.1.41,10.0.0.10,23373,21,TCP,3,3858,1731,normal
2026-02-10 20:44:44,192.168.1.11,10.0.0.10,31449,21,UDP,46,6907,3017,normal
2026-02-10 20:44:54,192.168.1.28,10.0.0.1,47367,22,TCP,46,8941,4953,normal
2026-02-10 20:45:04,192.168.1.47,10.0.0.10,25728,22,UDP,36,4914,3107,normal
2026-02-10 20:45:14,192.168.1.41,10.0.0.8,37388,22,UDP,20,6941,4160,normal
2026-02-10 20:45:24,192.168.1.24,10.0.0.8,24178,443,UDP,46,9030,1070,normal
2026-02-10 20:45:34,192.168.1.15,10.0.0.3,54762,80,TCP,39,3868,1367,normal
2026-02-10 20:45:44,192.168.1.12,10.0.0.8,7079,22,UDP,18,9350,1695,normal
2026-02-10 20:45:54,192.168.1.12,10.0.0.4,62838,443,TCP,53,6959,2540,normal
2026-02-10 20:46:04,192.168.1.31,10.0.0.5,41599,80,UDP,32,2338,3432,normal
2026-02-10 20:46:14,192.168.1.7,10.0.0.10,15268,443,TCP,33,1010,3659,normal
2026-02-10 20:46:24,192.168.1.46,10.0.0.10,41504,443,TCP,27,2443,254,normal
2026-02-10 20:46:34,192.168.1.12,10.0.0.6,29153,22,TCP,42,9612,2668,normal
2026-02-10 20:46:44,192.168.1.18,10.0.0.7,31414,22,UDP,48,6570,4193,normal
2026-02-10 20:46:54,192.168.1.35,10.0.0.7,15613,22,UDP,13,4543,4561,normal
2026-02-10 20:47:04,192.168.1.31,10.0.0.4,64667,80,UDP,5,778,3223,normal
2026-02-10 20:47:14,192.168.1.9,10.0.0.8,63023,21,UDP,31,6149,1262,normal
2026-02-10 20:47:24,192.168.1.34,10.0.0.3,40480,21,UDP,57,4082,3038,normal
2026-02-10 20:47:34,192.168.1.36,10.0.0.7,30415,21,TCP,4,4888,4204,normal
2026-02-10 20:47:44,192.168.1.27,10.0.0.1,13951,80,UDP,36,6018,4073,normal
2026-02-10 20:47:54,192.168.1.15,10.0.0.9,33596,21,UDP,56,6784,2139,normal
2026-02-10 20:48:04,192.168.1.22,10.0.0.5,51357,22,UDP,7,1900,192,normal
2026-02-10 20:48:14,192.168.1.26,10.0.0.5,42675,80,UDP,7,5749,1757,normal
2026-02-10 20:48:24,192.168.1.9,10.0.0.5,35976,22,TCP,27,8190,2580,normal
2026-02-10 20:48:34,192.168.1.2,10.0.0.2,58251,80,UDP,25,6231,2360,normal
2026-02-10 20:48:44,192.168.1.37,10.0.0.6,57335,22,UDP,37,9739,2400,normal
2026-02-10 20:48:54,192.168.1.35,10.0.0.7,56608,21,TCP,48,6349,872,normal
2026-02-10 20:49:04,192.168.1.24,10.0.0.2,12977,443,UDP,22,9990,2016,normal
2026-02-10 20:49:14,192.168.1.30,10.0.0.1,28105,443,TCP,37,9274,3123,normal
2026-02-10 20:49:24,192.168.1.23,10.0.0.4,56665,22,TCP,35,4710,1820,normal
2026-02-10 20:49:34,192.168.1.4,10.0.0.5,12211,21,UDP,51,5500,1375,normal
2026-02-10 20:49:44,192.168.1.8,10.0.0.8,31179,21,UDP,24,6144,1728,normal
2026-02-10 20:49:54,192.168.1.6,10.0.0.2,48354,443,TCP,41,1596,4507,normal
2026-02-10 20:50:04,192.168.1.19,10.0.0.3,32479,80,TCP,35,6930,4022,normal
2026-02-10 20:50:14,192.168.1.42,10.0.0.2,14353,80,UDP,33,9911,2339,normal
2026-02-10 20:50:24,192.168.1.8,10.0.0.7,23961,21,UDP,2,3709,1246,normal
2026-02-10 20:50:34,192.168.1.33,10.0.0.6,2704,80,TCP,59,8586,4138,normal
2026-02-10 20:50:44,192.168.1.29,10.0.0.5,28676,80,UDP,55,4631,2762,normal
2026-02-10 20:50:54,192.168.1.36,10.0.0.5,30416,22,TCP,37,1354,4524,normal
2026-02-10 20:51:04,192.168.1.41,10.0.0.2,33026,80,TCP,34,8575,674,normal
2026-02-10 20:51:14,192.168.1.13,10.0.0.10,3304,22,UDP,45,4709,4723,normal
2026-02-10 20:51:24,192.168.1.29,10.0.0.2,32493,21,TCP,17,8258,1339,normal
2026-02-10 20:51:34,192.168.1.1,10.0.0.3,55068,22,TCP,52,5929,4702,normal
2026-02-10 20:51:44,192.168.1.27,10.0.0.9,29978,22,TCP,30,7666,499,normal
2026-02-10 20:51:54,192.168.1.38,10.0.0.7,21792,21,UDP,59,454,2318,normal
2026-02-10 20:52:04,192.168.1.13,10.0.0.1,1102,80,UDP,12,9189,379,normal
2026-02-10 20:52:14,192.168.1.42,10.0.0.6,41176,80,TCP,15,7226,4884,normal
2026-02-10 20:52:24,192.168.1.14,10.0.0.2,57246,21,TCP,57,3846,4884,normal
2026-02-10 20:52:34,192.168.1.32,10.0.0.9,30294,80,UDP,41,8475,3687,normal
2026-02-10 20:52:44,192.168.1.32,10.0.0.9,21659,21,TCP,20,2619,884,normal
2026-02-10 20:52:54,192.168.1.17,10.0.0.9,42853,21,TCP,20,4929,2381,normal
2026-02-10 20:53:04,192.168.1.28,10.0.0.8,17391,80,TCP,60,352,4073,normal
2026-02-10 20:53:14,192.168.1.7,10.0.0.8,17445,443,UDP,30,1617,3682,normal
2026-02-10 20:53:24,192.168.1.22,10.0.0.2,8088,443,TCP,32,3821,213,normal
2026-02-10 20:53:34,192.168.1.39,10.0.0.10,37359,80,TCP,4,1793,3280,normal
2026-02-10 20:53:44,192.168.1.36,10.0.0.10,47154,21,UDP,10,1890,4964,normal
2026-02-10 20:53:54,192.168.1.4,10.0.0.1,52618,22,TCP,36,2697,3921,normal
2026-02-10 20:54:04,192.168.1.46,10.0.0.3,7156,443,TCP,18,6752,4564,normal
2026-02-10 20:54:14,192.168.1.20,10.0.0.10,12582,80,TCP,41,268,3587,normal
2026-02-10 20:54:24,192.168.1.24,10.0.0.9,26911,21,TCP,17,4140,268,normal
2026-02-10 20:54:34,192.168.1.6,10.0.0.3,22865,443,UDP,32,5048,4857,normal
2026-02-10 20:54:44,192.168.1.28,10.0.0.3,58564,22,TCP,56,5599,3758,normal
2026-02-10 20:54:54,192.168.1.30,10.0.0.6,31892,21,TCP,41,6305,3754,normal
2026-02-10 20:55:04,192.168.1.25,10.0.0.6,58429,21,TCP,18,6684,4923,normal
2026-02-10 20:55:14,192.168.1.19,10.0.0.3,45712,80,UDP,48,8008,1157,normal
2026-02-10 20:55:24,192.168.1.34,10.0.0.5,50008,80,TCP,21,9681,1117,normal
2026-02-10 20:55:34,192.168.1.2,10.0.0.2,44178,22,TCP,27,9760,2444,normal
2026-02-10 20:55:44,192.168.1.14,10.0.0.2,8714,22,UDP,40,4747,455,normal
2026-02-10 20:55:54,192.168.1.46,10.0.0.1,58800,22,TCP,31,930,3149,normal
2026-02-10 20:56:04,192.168.1.34,10.0.0.6,64099,80,UDP,1,3069,1588,normal
2026-02-10 20:56:14,192.168.1.18,10.0.0.10,1826,22,UDP,41,6286,916,normal
2026-02-10 20:56:24,192.168.1.7,10.0.0.9,60786,22,UDP,18,8367,3563,normal
2026-02-10 20:56:34,192.168.1.14,10.0.0.9,51557,443,TCP,56,884,4509,normal
2026-02-10 20:56:44,192.168.1.30,10.0.0.8,4853,22,TCP,59,5574,3188,normal
2026-02-10 20:56:54,192.168.1.9,10.0.0.6,60059,443,TCP,46,4892,4654,normal
2026-02-10 20:57:04,192.168.1.18,10.0.0.9,16180,80,UDP,10,2146,1189,normal
2026-02-10 20:57:14,192.168.1.36,10.0.0.5,38045,21,UDP,29,4537,3709,normal
2026-02-10 20:57:24,192.168.1.4,10.0.0.8,34076,443,TCP,43,1116,1341,normal
2026-02-10 20:57:34,192.168.1.18,10.0.0.7,31602,80,TCP,17,6996,2537,normal
2026-02-10 20:57:44,192.168.1.33,10.0.0.10,5584,21,UDP,53,5973,4981,normal
2026-02-10 20:57:54,192.168.1.17,10.0.0.7,42341,80,TCP,27,6593,4036,normal
2026-02-10 20:58:04,192.168.1.16,10.0.0.2,61325,80,TCP,59,148,4785,normal
2026-02-10 20:58:14,192.168.1.15,10.0.0.5,10558,443,UDP,30,9949,660,normal
2026-02-10 20:58:24,192.168.1.3,10.0.0.1,8408,22,TCP,45,5548,1623,normal
2026-02-10 20:58:34,192.168.1.21,10.0.0.7,7425,80,UDP,35,1898,4039,normal
2026-02-10 20:58:44,192.168.1.36,10.0.0.4,43764,443,UDP,32,9762,1897,normal
2026-02-10 20:58:54,192.168.1.22,10.0.0.8,63372,80,TCP,15,1885,3431,normal
2026-02-10 20:59:04,192.168.1.41,10.0.0.9,9972,443,UDP,35,4402,2304,normal
2026-02-10 20:59:14,192.168.1.29,10.0.0.4,16572,443,UDP,22,832,3414,normal
2026-02-10 20:59:24,192.168.1.21,10.0.0.4,53898,80,TCP,59,3016,1870,normal
2026-02-10 20:59:34,192.168.1.18,10.0.0.9,13751,443,TCP,43,9338,116,normal
2026-02-10 20:59:44,192.168.1.10,10.0.0.5,38570,80,UDP,52,5887,2695,normal
2026-02-10 20:59:54,192.168.1.3,10.0.0.5,52911,443,TCP,41,6148,3476,normal
2026-02-10 21:00:04,192.168.1.45,10.0.0.6,53078,21,TCP,49,8959,2757,normal
2026-02-10 21:00:14,192.168.1.19,10.0.0.4,5944,80,UDP,39,7864,2831,normal
2026-02-10 21:00:24,192.168.1.22,10.0.0.9,8433,80,TCP,3,8833,3822,normal
2026-02-10 21:00:34,192.168.1.25,10.0.0.8,30353,21,UDP,13,7919,781,normal
2026-02-10 21:00:44,192.168.1.39,10.0.0.6,44249,21,UDP,44,7088,4851,normal
2026-02-10 21:00:54,192.168.1.29,10.0.0.2,30433,80,UDP,43,4339,1099,normal
2026-02-10 21:01:04,192.168.1.40,10.0.0.8,25760,21,TCP,10,7911,2133,normal
2026-02-10 21:01:14,192.168.1.11,10.0.0.5,30646,443,UDP,33,3934,226,normal
2026-02-10 21:01:24,192.168.1.15,10.0.0.1,57631,443,UDP,57,2202,2059,normal
2026-02-10 21:01:34,192.168.1.22,10.0.0.1,63810,22,TCP,15,3824,1314,normal
2026-02-10 21:01:44,192.168.1.26,10.0.0.7,25988,22,UDP,7,8006,2440,normal
2026-02-10 21:01:54,192.168.1.37,10.0.0.8,16020,22,UDP,42,1307,3982,normal
2026-02-10 21:02:04,192.168.1.32,10.0.0.9,7499,21,TCP,52,9987,2058,normal
2026-02-10 21:02:14,192.168.1.29,10.0.0.9,59691,21,TCP,32,9699,2046,normal
2026-02-10 21:02:24,192.168.1.28,10.0.0.7,52800,21,UDP,17,4211,3118,normal
2026-02-10 21:02:34,192.168.1.41,10.0.0.9,52020,22,TCP,44,4534,276,normal
2026-02-10 21:02:44,192.168.1.35,10.0.0.10,43313,21,UDP,57,7320,1128,normal
2026-02-10 21:02:54,192.168.1.22,10.0.0.3,10076,443,TCP,32,2727,1699,normal
2026-02-10 21:03:04,192.168.1.35,10.0.0.1,36412,443,UDP,49,5295,4398,normal
2026-02-10 21:03:14,192.168.1.27,10.0.0.4,34847,80,TCP,36,8122,3413,normal
2026-02-10 21:03:24,192.168.1.19,10.0.0.6,55334,80,TCP,60,7983,104,normal
2026-02-10 21:03:34,192.168.1.27,10.0.0.4,33570,22,UDP,8,9565,2447,normal
2026-02-10 21:03:44,192.168.1.3,10.0.0.6,58803,21,UDP,43,3586,3168,normal
2026-02-10 21:03:54,192.168.1.33,10.0.0.8,9634,443,TCP,24,6106,865,normal
2026-02-10 21:04:04,192.168.1.19,10.0.0.5,46171,80,TCP,34,785,1132,normal
2026-02-10 21:04:14,192.168.1.33,10.0.0.9,5151,22,TCP,14,8342,1496,normal
2026-02-10 21:04:24,192.168.1.46,10.0.0.8,9983,21,TCP,15,2239,2362,normal
2026-02-10 21:04:34,192.168.1.6,10.0.0.6,34171,80,UDP,24,8165,3804,normal
2026-02-10 21:04:44,192.168.1.7,10.0.0.9,9838,22,UDP,58,423,4958,normal
2026-02-10 21:04:54,192.168.1.9,10.0.0.5,38374,443,UDP,22,3392,1692,normal
2026-02-10 21:05:04,192.168.1.44,10.0.0.1,63715,80,UDP,46,8242,1716,normal
2026-02-10 21:05:14,192.168.1.40,10.0.0.7,31976,22,TCP,14,9770,1344,normal
2026-02-10 21:05:24,192.168.1.47,10.0.0.1,11967,443,UDP,25,9116,571,normal
2026-02-10 21:05:34,192.168.1.8,10.0.0.2,28671,22,UDP,19,6152,3071,normal
2026-02-10 21:05:44,192.168.1.23,10.0.0.8,1126,80,TCP,30,871,3149,normal
2026-02-10 21:05:54,192.168.1.10,10.0.0.10,9215,22,UDP,17,1777,4515,normal
2026-02-10 21:06:04,192.168.1.17,10.0.0.2,64478,21,UDP,36,2586,4735,normal
2026-02-10 21:06:14,192.168.1.25,10.0.0.8,31608,80,UDP,34,7334,2183,normal
2026-02-10 21:06:24,192.168.1.3,10.0.0.10,60807,80,TCP,32,2650,3522,normal
2026-02-10 21:06:34,192.168.1.37,10.0.0.5,42553,22,TCP,34,4535,3529,normal
2026-02-10 21:06:44,192.168.1.21,10.0.0.10,25025,21,UDP,16,3027,4730,normal
2026-02-10 21:06:54,192.168.1.49,10.0.0.6,10960,443,UDP,37,1201,2839,normal
2026-02-10 21:07:04,192.168.1.24,10.0.0.7,24407,21,TCP,45,6088,4749,normal
2026-02-10 21:07:14,192.168.1.38,10.0.0.4,10972,80,TCP,34,7489,4053,normal
2026-02-10 21:07:24,192.168.1.14,10.0.0.3,39910,80,UDP,5,7038,361,normal
2026-02-10 21:07:34,192.168.1.24,10.0.0.5,52228,80,UDP,4,1997,2874,normal
2026-02-10 21:07:44,192.168.1.39,10.0.0.1,50143,21,TCP,16,599,3634,normal
2026-02-10 21:07:54,192.168.1.44,10.0.0.4,55727,22,TCP,51,736,3149,normal
2026-02-10 21:08:04,192.168.1.36,10.0.0.7,26891,443,TCP,14,3612,4317,normal
2026-02-10 21:08:14,192.168.1.31,10.0.0.4,28096,21,UDP,59,8803,3268,normal
2026-02-10 21:08:24,192.168.1.11,10.0.0.2,50250,443,UDP,41,1023,4191,normal
2026-02-10 21:08:34,192.168.1.43,10.0.0.9,38187,443,UDP,20,1785,3494,normal
2026-02-10 21:08:44,192.168.1.6,10.0.0.1,39967,443,TCP,15,421,277,normal
2026-02-10 21:08:54,192.168.1.29,10.0.0.7,12589,21,TCP,47,7964,4568,normal
2026-02-10 21:09:04,192.168.1.17,10.0.0.2,60484,443,TCP,32,2049,3393,normal
2026-02-10 21:09:14,192.168.1.18,10.0.0.6,53433,443,TCP,59,6040,1333,normal
2026-02-10 21:09:24,192.168.1.35,10.0.0.4,64930,22,UDP,4,7154,1758,normal
2026-02-10 21:09:34,192.168.1.37,10.0.0.4,53228,443,UDP,31,1442,2150,normal
2026-02-10 21:09:44,192.168.1.22,10.0.0.9,41553,21,TCP,30,1799,1298,normal
2026-02-10 21:09:54,192.168.1.36,10.0.0.3,9581,80,TCP,7,482,4226,normal
2026-02-10 21:10:04,192.168.1.6,10.0.0.4,33849,22,TCP,40,3519,2043,normal
2026-02-10 21:10:14,192.168.1.6,10.0.0.4,6821,443,UDP,39,7204,4926,normal
2026-02-10 21:10:24,192.168.1.16,10.0.0.6,58114,443,UDP,23,2650,943,normal
2026-02-10 21:10:34,192.168.1.48,10.0.0.2,30646,21,UDP,47,1511,2918,normal
2026-02-10 21:10:44,192.168.1.28,10.0.0.6,8435,22,UDP,17,4366,2850,normal
2026-02-10 21:10:54,192.168.1.42,10.0.0.8,10130,443,UDP,36,5088,1948,normal
2026-02-10 21:11:04,192.168.1.37,10.0.0.2,40509,80,UDP,54,6411,673,normal
2026-02-10 21:11:14,192.168.1.38,10.0.0.6,3013,80,UDP,17,5998,4436,normal
2026-02-10 21:11:24,192.168.1.5,10.0.0.2,17284,22,TCP,1,2945,212,normal
2026-02-10 21:11:34,192.168.1.16,10.0.0.4,27501,21,TCP,45,2570,2011,normal
2026-02-10 21:11:44,192.168.1.31,10.0.0.3,4628,443,UDP,21,8395,4225,normal
2026-02-10 21:11:54,192.168.1.44,10.0.0.2,42706,80,UDP,6,8846,3357,normal
2026-02-10 21:12:04,192.168.1.45,10.0.0.4,49923,21,TCP,10,5906,2321,normal
2026-02-10 21:12:14,192.168.1.11,10.0.0.1,48966,22,UDP,45,8600,1947,normal
2026-02-10 21:12:24,192.168.1.41,10.0.0.8,7197,80,UDP,60,5487,439,normal
2026-02-10 21:12:34,192.168.1.3,10.0.0.7,36766,22,UDP,15,3279,2404,normal
2026-02-10 21:12:44,192.168.1.35,10.0.0.10,45446,80,TCP,60,2996,2494,normal
2026-02-10 21:12:54,192.168.1.46,10.0.0.1,18538,80,TCP,25,6754,1530,normal
2026-02-10 21:13:04,192.168.1.15,10.0.0.10,5150,21,TCP,23,8048,2605,normal
2026-02-10 21:13:14,192.168.1.18,10.0.0.4,7969,80,TCP,41,6306,1643,normal
2026-02-10 21:13:24,192.168.1.26,10.0.0.10,64152,80,TCP,24,6387,2886,normal
2026-02-10 21:13:34,192.168.1.10,10.0.0.2,43112,80,TCP,22,1903,993,normal
2026-02-10 21:13:44,192.168.1.18,10.0.0.5,10236,21,TCP,40,6436,640,normal
2026-02-10 21:13:54,192.168.1.30,10.0.0.6,63364,80,TCP,30,9087,4969,normal
2026-02-10 21:14:04,192.168.1.16,10.0.0.6,19251,21,TCP,41,3033,4423,normal
2026-02-10 21:14:14,192.168.1.26,10.0.0.9,35712,80,UDP,20,4132,4485,normal
2026-02-10 21:14:24,192.168.1.48,10.0.0.4,51223,22,UDP,1,4084,2492,normal
2026-02-10 21:14:34,192.168.1.31,10.0.0.8,16561,22,UDP,50,8356,3393,normal
2026-02-10 21:14:44,192.168.1.11,10.0.0.6,47247,21,TCP,27,3986,927,normal
2026-02-10 21:14:54,192.168.1.33,10.0.0.3,5062,22,UDP,59,5182,3469,normal
2026-02-10 21:15:04,192.168.1.46,10.0.0.9,17400,21,TCP,35,8252,868,normal
2026-02-10 21:15:14,192.168.1.13,10.0.0.5,10877,443,UDP,37,5908,4638,normal
2026-02-10 21:15:24,192.168.1.39,10.0.0.4,64296,443,TCP,60,8602,1550,normal
2026-02-10 21:15:34,192.168.1.2,10.0.0.8,63104,22,TCP,14,5496,1472,normal
2026-02-10 21:15:44,192.168.1.46,10.0.0.5,7285,22,TCP,31,6836,1999,normal
2026-02-10 21:15:54,192.168.1.34,10.0.0.5,21954,21,UDP,47,1882,2157,normal
2026-02-10 21:16:04,192.168.1.49,10.0.0.8,10720,80,UDP,49,2336,2077,normal
2026-02-10 21:16:14,192.168.1.16,10.0.0.8,14313,443,TCP,37,1277,3632,normal
2026-02-10 21:16:24,192.168.1.22,10.0.0.3,61218,80,UDP,49,3107,150,normal
2026-02-10 21:16:34,192.168.1.29,10.0.0.2,34304,80,TCP,6,5557,498,normal
2026-02-10 21:16:44,192.168.1.38,10.0.0.2,5671,80,TCP,23,6925,1317,normal
2026-02-10 21:16:54,192.168.1.34,10.0.0.10,31844,22,TCP,8,1024,2301,normal
2026-02-10 21:17:04,192.168.1.46,10.0.0.10,64470,22,UDP,29,3993,2451,normal
2026-02-10 21:17:14,192.168.1.40,10.0.0.8,23289,80,TCP,49,1526,1846,normal
2026-02-10 21:17:24,192.168.1.27,10.0.0.9,53487,21,UDP,55,1268,2177,normal
2026-02-10 21:17:34,192.168.1.9,10.0.0.2,2905,22,TCP,60,3840,679,normal
2026-02-10 21:17:44,192.168.1.21,10.0.0.9,53554,443,UDP,11,6207,730,normal
2026-02-10 21:17:54,192.168.1.19,10.0.0.5,17909,21,UDP,27,824,3662,normal
2026-02-10 21:18:04,192.168.1.9,10.0.0.1,15446,443,TCP,48,8413,927,normal
2026-02-10 21:18:14,192.168.1.41,10.0.0.8,7840,443,TCP,22,5110,2851,normal
2026-02-10 21:18:24,192.168.1.42,10.0.0.6,39522,22,TCP,18,3958,2909,normal
2026-02-10 21:18:34,192.168.1.4,10.0.0.1,11486,443,UDP,58,4090,2572,normal
2026-02-10 21:18:44,192.168.1.48,10.0.0.7,55657,443,UDP,26,519,1537,normal
2026-02-10 21:18:54,192.168.1.42,10.0.0.6,30612,443,TCP,13,7594,3404,normal
2026-02-10 21:19:04,192.168.1.37,10.0.0.7,1413,443,TCP,19,9361,3332,normal
2026-02-10 21:19:14,192.168.1.28,10.0.0.5,39291,22,TCP,38,2014,268,normal
2026-02-10 21:19:24,192.168.1.28,10.0.0.1,58503,21,TCP,7,1625,1323,normal
2026-02-10 21:19:34,192.168.1.18,10.0.0.9,59867,443,TCP,36,8040,3455,normal
2026-02-10 21:19:44,192.168.1.18,10.0.0.7,12126,22,UDP,2,6364,2072,normal
2026-02-10 21:19:54,192.168.1.10,10.0.0.6,22909,21,TCP,58,128,1097,normal
2026-02-10 21:20:04,192.168.1.13,10.0.0.3,20587,443,TCP,8,5922,4780,normal
2026-02-10 21:20:14,192.168.1.18,10.0.0.1,61860,21,UDP,58,3313,2321,normal
2026-02-10 21:20:24,192.168.1.24,10.0.0.9,34218,21,TCP,28,7967,4259,normal
2026-02-10 21:20:34,192.168.1.11,10.0.0.1,11470,21,UDP,20,5590,2512,normal
2026-02-10 21:20:44,192.168.1.3,10.0.0.7,35495,22,TCP,19,6451,4939,normal
2026-02-10 21:20:54,192.168.1.46,10.0.0.7,33378,80,UDP,25,1649,1729,normal
2026-02-10 21:21:04,192.168.1.40,10.0.0.1,31668,80,UDP,28,4360,1084,normal
2026-02-10 21:21:14,192.168.1.8,10.0.0.1,52314,22,TCP,39,6671,2882,normal
2026-02-10 21:21:24,192.168.1.22,10.0.0.3,26842,22,UDP,19,7376,3404,normal
2026-02-10 21:21:34,192.168.1.13,10.0.0.8,39005,21,TCP,29,3621,2671,normal
2026-02-10 21:21:44,192.168.1.30,10.0.0.10,47961,21,TCP,44,2953,3708,normal
2026-02-10 21:21:54,192.168.1.10,10.0.0.3,2642,22,UDP,39,2696,1483,normal
2026-02-10 21:22:04,192.168.1.17,10.0.0.10,45252,80,TCP,53,8062,493,normal
2026-02-10 21:22:14,192.168.1.31,10.0.0.2,49968,21,UDP,7,4042,3301,normal
2026-02-10 21:22:24,192.168.1.15,10.0.0.3,32660,443,UDP,32,7749,938,normal
2026-02-10 21:22:34,192.168.1.41,10.0.0.5,61491,21,TCP,36,6152,1348,normal
2026-02-10 21:22:44,192.168.1.35,10.0.0.2,41206,22,UDP,33,6199,1690,normal
2026-02-10 21:22:54,192.168.1.35,10.0.0.10,49625,22,UDP,16,3005,3940,normal
2026-02-10 21:23:04,192.168.1.27,10.0.0.5,27578,443,UDP,53,1114,665,normal
2026-02-10 21:23:14,192.168.1.10,10.0.0.1,41947,443,TCP,14,1925,4959,normal
2026-02-10 21:23:24,192.168.1.13,10.0.0.8,41162,21,UDP,30,9215,4665,normal
2026-02-10 21:23:34,192.168.1.15,10.0.0.9,47551,443,UDP,38,713,2135,normal
2026-02-10 21:23:44,192.168.1.41,10.0.0.8,12977,22,UDP,39,3759,4443,normal
2026-02-10 21:23:54,192.168.1.50,10.0.0.6,51254,21,UDP,5,8048,2950,normal
2026-02-10 21:24:04,192.168.1.15,10.0.0.9,17975,22,UDP,21,7568,4263,normal
2026-02-10 21:24:14,192.168.1.34,10.0.0.1,48165,80,UDP,20,2292,1453,normal
2026-02-10 21:24:24,192.168.1.18,10.0.0.2,54218,21,TCP,43,5542,4378,normal
2026-02-10 21:24:34,192.168.1.20,10.0.0.9,22867,80,UDP,54,4611,1574,normal
2026-02-10 21:24:44,192.168.1.38,10.0.0.3,53858,443,UDP,26,3787,2497,normal
2026-02-10 21:24:54,192.168.1.36,10.0.0.8,57024,443,UDP,43,5204,2817,normal
2026-02-10 21:25:04,192.168.1.38,10.0.0.10,26910,21,UDP,1,2805,2403,normal
2026-02-10 21:25:14,192.168.1.34,10.0.0.1,30323,80,TCP,5,8173,3074,normal
2026-02-10 21:25:24,192.168.1.15,10.0.0.9,18967,443,UDP,16,4694,4118,normal
2026-02-10 21:25:34,192.168.1.41,10.0.0.3,22065,21,TCP,23,8035,3582,normal
2026-02-10 21:25:44,192.168.1.30,10.0.0.10,13035,80,UDP,52,6261,4257,normal
2026-02-10 21:25:54,192.168.1.28,10.0.0.3,13425,80,TCP,28,4763,3391,normal
2026-02-10 21:26:04,192.168.1.43,10.0.0.9,4154,21,UDP,46,5213,143,normal
2026-02-10 21:26:14,192.168.1.6,10.0.0.2,61042,80,TCP,31,9225,590,normal
2026-02-10 21:26:24,192.168.1.10,10.0.0.1,10652,443,TCP,33,3705,124,normal
2026-02-10 21:26:34,192.168.1.25,10.0.0.8,30737,80,TCP,34,1115,3453,normal
2026-02-10 21:26:44,192.168.1.13,10.0.0.8,27900,443,UDP,6,2012,1927,normal
2026-02-10 21:26:54,192.168.1.2,10.0.0.7,30287,443,UDP,56,1821,1948,normal
2026-02-10 21:27:04,192.168.1.6,10.0.0.7,30837,21,TCP,13,8684,4865,normal
2026-02-10 21:27:14,192.168.1.10,10.0.0.4,3350,443,TCP,14,772,4760,normal
2026-02-10 21:27:24,192.168.1.40,10.0.0.2,34649,21,UDP,44,9208,2472,normal
2026-02-10 21:27:34,192.168.1.10,10.0.0.1,61884,80,TCP,34,2223,845,normal
2026-02-10 21:27:44,192.168.1.2,10.0.0.1,46506,80,UDP,3,2064,2515,normal
2026-02-10 21:27:54,192.168.1.6,10.0.0.8,17616,443,UDP,51,977,263,normal
2026-02-10 21:28:04,192.168.1.38,10.0.0.6,62607,80,UDP,58,599,4169,normal
2026-02-10 21:28:14,192.168.1.7,10.0.0.10,45194,80,UDP,56,3427,1126,normal
2026-02-10 21:28:24,192.168.1.11,10.0.0.7,32003,21,UDP,50,1110,4766,normal
2026-02-10 21:28:34,192.168.1.2,10.0.0.9,17253,21,TCP,14,412,4271,normal
2026-02-10 21:28:44,192.168.1.36,10.0.0.5,56131,80,UDP,31,5777,2899,normal
2026-02-10 21:28:54,192.168.1.36,10.0.0.5,44582,443,TCP,41,7961,2361,normal
2026-02-10 21:29:04,192.168.1.36,10.0.0.3,19404,443,UDP,58,7343,696,normal
2026-02-10 21:29:14,192.168.1.46,10.0.0.4,30782,80,UDP,42,7758,2004,normal
2026-02-10 21:29:24,192.168.1.17,10.0.0.4,39457,80,TCP,27,4133,4993,normal
2026-02-10 21:29:34,192.168.1.14,10.0.0.9,33882,443,TCP,28,5219,3662,normal
2026-02-10 21:29:44,192.168.1.7,10.0.0.8,49553,443,TCP,31,8054,1569,normal
2026-02-10 21:29:54,192.168.1.17,10.0.0.5,17245,443,TCP,37,2247,4769,normal
2026-02-10 21:30:04,192.168.1.25,10.0.0.1,8668,22,UDP,9,7112,4426,normal
2026-02-10 21:30:14,192.168.1.3,10.0.0.2,58094,80,TCP,49,6481,844,normal
2026-02-10 21:30:24,192.168.1.31,10.0.0.2,21413,443,UDP,43,7108,3422,normal
2026-02-10 21:30:34,192.168.1.10,10.0.0.2,48835,80,UDP,57,5819,1488,normal
2026-02-10 21:30:44,192.168.1.19,10.0.0.5,60340,80,TCP,2,6843,2482,normal
2026-02-10 21:30:54,192.168.1.50,10.0.0.1,47746,80,UDP,1,367,2669,normal
2026-02-10 21:31:04,192.168.1.27,10.0.0.1,29499,22,UDP,1,9463,709,normal
2026-02-10 21:31:14,192.168.1.46,10.0.0.10,36306,22,TCP,58,7374,250,normal
2026-02-10 21:31:24,192.168.1.27,10.0.0.1,13196,80,TCP,30,5090,479,normal
2026-02-10 21:31:34,192.168.1.47,10.0.0.7,2878,22,UDP,24,1368,2044,normal
2026-02-10 21:31:44,192.168.1.16,10.0.0.10,34752,443,UDP,23,6183,4512,normal
2026-02-10 21:31:54,192.168.1.44,10.0.0.9,25270,80,UDP,50,2106,623,normal
2026-02-10 21:32:04,192.168.1.17,10.0.0.2,35817,21,TCP,21,2738,4754,normal
2026-02-10 21:32:14,192.168.1.39,10.0.0.9,15483,22,UDP,48,1913,2091,normal
2026-02-10 21:32:24,192.168.1.24,10.0.0.8,59084,80,UDP,48,9941,824,normal
2026-02-10 21:32:34,192.168.1.29,10.0.0.7,2297,80,UDP,13,1110,2081,normal
2026-02-10 21:32:44,192.168.1.43,10.0.0.6,46582,21,TCP,13,9338,526,normal
2026-02-10 21:32:54,192.168.1.20,10.0.0.10,16810,80,TCP,59,6723,4994,normal
2026-02-10 21:33:04,192.168.1.9,10.0.0.6,62407,80,UDP,49,9897,4423,normal
2026-02-10 21:33:14,192.168.1.15,10.0.0.3,6761,80,UDP,23,1798,690,normal
2026-02-10 21:33:24,192.168.1.7,10.0.0.7,43171,21,UDP,46,8109,501,normal
2026-02-10 21:33:34,192.168.1.11,10.0.0.2,62895,22,UDP,42,1271,4000,normal
2026-02-10 21:33:44,192.168.1.4,10.0.0.7,30522,21,TCP,27,4613,1811,normal
2026-02-10 21:33:54,192.168.1.38,10.0.0.2,30775,22,TCP,5,9727,4594,normal
2026-02-10 21:34:04,192.168.1.48,10.0.0.5,31844,22,UDP,43,7266,2556,normal
2026-02-10 21:34:14,192.168.1.34,10.0.0.5,6216,21,TCP,40,8026,828,normal
2026-02-10 21:34:24,192.168.1.31,10.0.0.7,32709,443,TCP,34,1186,3085,normal
2026-02-10 21:34:34,192.168.1.30,10.0.0.4,51575,22,TCP,57,2130,2642,normal
2026-02-10 21:34:44,192.168.1.1,10.0.0.10,12918,443,TCP,53,9142,3645,normal
2026-02-10 21:34:54,192.168.1.15,10.0.0.8,14095,443,UDP,47,6623,1065,normal
2026-02-10 21:35:04,192.168.1.38,10.0.0.3,9982,21,UDP,59,7404,758,normal
2026-02-10 21:35:14,192.168.1.37,10.0.0.8,42190,22,TCP,39,3598,880,normal
2026-02-10 21:35:24,192.168.1.21,10.0.0.6,39768,22,TCP,10,4185,3860,normal
2026-02-10 21:35:34,192.168.1.36,10.0.0.4,44946,22,UDP,31,3520,4162,normal
2026-02-10 21:35:44,192.168.1.14,10.0.0.9,9913,22,TCP,12,3683,4476,normal
2026-02-10 21:35:54,192.168.1.7,10.0.0.3,12338,22,UDP,10,6491,755,normal
2026-02-10 21:36:04,192.168.1.13,10.0.0.6,14823,80,UDP,54,2302,2710,normal
2026-02-10 21:36:14,192.168.1.36,10.0.0.4,31324,21,UDP,24,8958,2846,normal
2026-02-10 21:36:24,192.168.1.48,10.0.0.9,30812,22,UDP,23,2611,1608,normal
2026-02-10 21:36:34,192.168.1.4,10.0.0.3,30820,21,UDP,36,1657,239,normal
2026-02-10 21:36:44,192.168.1.6,10.0.0.6,46070,80,UDP,19,9204,334,normal
2026-02-10 21:36:54,192.168.1.15,10.0.0.7,54396,22,TCP,42,358,1889,normal
2026-02-10 21:37:04,192.168.1.8,10.0.0.7,54269,21,TCP,41,7196,2008,normal
2026-02-10 21:37:14,192.168.1.50,10.0.0.10,35298,443,UDP,37,4578,345,normal
2026-02-10 21:37:24,192.168.1.4,10.0.0.2,50863,22,UDP,39,9508,2898,normal
2026-02-10 21:37:34,192.168.1.37,10.0.0.7,4448,80,UDP,50,7599,1943,normal
2026-02-10 21:37:44,192.168.1.2,10.0.0.5,27695,21,UDP,42,4494,4278,normal
2026-02-10 21:37:54,192.168.1.10,10.0.0.9,11593,22,UDP,32,4086,1872,normal
2026-02-10 21:38:04,192.168.1.46,10.0.0.9,16599,21,UDP,53,255,4226,normal
2026-02-10 21:38:14,192.168.1.30,10.0.0.9,18974,443,UDP,54,1706,2880,normal
2026-02-10 21:38:24,192.168.1.9,10.0.0.1,29269,443,UDP,17,3030,411,normal
2026-02-10 21:38:34,192.168.1.45,10.0.0.2,41348,80,TCP,27,8246,3758,normal
2026-02-10 21:38:44,192.168.1.13,10.0.0.3,44900,21,TCP,3,6501,500,normal
2026-02-10 21:38:54,192.168.1.28,10.0.0.9,20801,443,TCP,4,9007,3806,normal
2026-02-10 21:39:04,192.168.1.50,10.0.0.3,5730,80,TCP,57,7272,3586,normal
2026-02-10 21:39:14,192.168.1.31,10.0.0.7,15900,22,UDP,60,4349,144,normal
2026-02-10 21:39:24,192.168.1.19,10.0.0.7,20216,80,TCP,22,5978,233,normal
2026-02-10 21:39:34,192.168.1.40,10.0.0.1,60917,80,TCP,8,9121,419,normal
2026-02-10 21:39:44,192.168.1.31,10.0.0.6,20361,443,TCP,17,9128,1120,normal
2026-02-10 21:39:54,192.168.1.43,10.0.0.8,9772,80,TCP,20,2249,2808,normal
2026-02-10 21:40:04,192.168.1.19,10.0.0.5,26261,443,TCP,12,5391,2182,normal
2026-02-10 21:40:14,192.168.1.12,10.0.0.5,3131,443,TCP,21,7763,3265,normal
2026-02-10 21:40:24,192.168.1.49,10.0.0.8,32254,22,UDP,21,8243,3788,normal
2026-02-10 21:40:34,192.168.1.45,10.0.0.2,20790,22,UDP,12,7172,1324,normal
2026-02-10 21:40:44,192.168.1.44,10.0.0.8,40019,21,TCP,22,4554,1139,normal
2026-02-10 21:40:54,192.168.1.22,10.0.0.2,37168,80,TCP,49,2712,1986,normal
2026-02-10 21:41:04,192.168.1.39,10.0.0.2,20021,22,UDP,9,9227,1099,normal
2026-02-10 21:41:14,192.168.1.7,10.0.0.6,27565,22,UDP,38,3238,4558,normal
2026-02-10 21:41:24,192.168.1.35,10.0.0.5,2431,22,TCP,42,9583,617,normal
2026-02-10 21:41:34,192.168.1.17,10.0.0.1,12485,22,UDP,60,6711,1018,normal
2026-02-10 21:41:44,192.168.1.47,10.0.0.5,13988,443,UDP,23,6376,4011,normal
2026-02-10 21:41:54,192.168.1.48,10.0.0.6,2767,443,TCP,45,1676,1401,normal
2026-02-10 21:42:04,192.168.1.22,10.0.0.7,10483,22,UDP,56,1512,704,normal
2026-02-10 21:42:14,192.168.1.49,10.0.0.7,30155,443,TCP,43,9775,4473,normal
2026-02-10 21:42:24,192.168.1.31,10.0.0.6,38854,21,UDP,39,6881,3556,normal
2026-02-10 21:42:34,192.168.1.18,10.0.0.6,27875,80,TCP,50,6793,621,normal
2026-02-10 21:42:44,192.168.1.46,10.0.0.4,27956,443,TCP,30,912,2638,normal
2026-02-10 21:42:54,192.168.1.19,10.0.0.5,53679,443,TCP,46,2581,1419,normal
2026-02-10 21:43:04,192.168.1.35,10.0.0.6,55348,22,UDP,43,8210,604,normal
2026-02-10 21:43:14,192.168.1.41,10.0.0.10,20456,21,UDP,51,8955,818,normal
2026-02-10 21:43:24,192.168.1.5,10.0.0.6,21996,21,UDP,33,5175,879,normal
2026-02-10 21:43:34,192.168.1.14,10.0.0.2,50991,21,TCP,48,2342,1886,normal
2026-02-10 21:43:44,192.168.1.42,10.0.0.7,35247,22,TCP,34,7540,2323,normal
2026-02-10 21:43:54,192.168.1.20,10.0.0.5,11665,21,UDP,30,468,3548,normal
2026-02-10 21:44:04,192.168.1.13,10.0.0.6,15411,443,TCP,53,5691,2511,normal
2026-02-10 21:44:14,192.168.1.9,10.0.0.3,22900,22,UDP,28,8130,3072,normal
2026-02-10 21:44:24,192.168.1.4,10.0.0.2,14888,443,TCP,24,6805,3204,normal
2026-02-10 21:44:34,192.168.1.18,10.0.0.10,32642,80,UDP,58,8409,326,normal
2026-02-10 21:44:44,192.168.1.27,10.0.0.9,25091,80,TCP,26,6703,2323,normal
2026-02-10 21:44:54,192.168.1.12,10.0.0.5,46080,443,UDP,6,4370,3521,normal
2026-02-10 21:45:04,192.168.1.7,10.0.0.6,34735,80,UDP,9,200,889,normal
2026-02-10 21:45:14,192.168.1.7,10.0.0.6,60689,443,UDP,36,1409,2510,normal
2026-02-10 21:45:24,192.168.1.15,10.0.0.6,10046,443,TCP,52,387,2285,normal
2026-02-10 21:45:34,192.168.1.35,10.0.0.7,44509,80,UDP,53,9805,2891,normal
2026-02-10 21:45:44,192.168.1.26,10.0.0.10,13324,443,TCP,23,5376,1886,normal
2026-02-10 21:45:54,192.168.1.9,10.0.0.3,4058,80,TCP,24,4959,3034,normal
2026-02-10 21:46:04,192.168.1.37,10.0.0.6,5910,21,UDP,7,806,1409,normal
2026-02-10 21:46:14,192.168.1.5,10.0.0.4,63503,22,UDP,8,8102,4424,normal
2026-02-10 21:46:24,192.168.1.34,10.0.0.1,6372,22,TCP,25,7835,258,normal
2026-02-10 21:46:34,192.168.1.24,10.0.0.8,47836,21,UDP,2,2711,4738,normal
2026-02-10 21:46:44,192.168.1.44,10.0.0.9,28687,21,UDP,54,3709,4258,normal
2026-02-10 21:46:54,192.168.1.25,10.0.0.2,58952,80,UDP,23,7368,118,normal
2026-02-10 21:47:04,192.168.1.20,10.0.0.10,57841,443,TCP,5,2805,117,normal
2026-02-10 21:47:14,192.168.1.8,10.0.0.7,40516,21,TCP,32,1501,3013,normal
2026-02-10 21:47:24,192.168.1.47,10.0.0.1,7623,443,UDP,3,4105,2743,normal
2026-02-10 21:47:34,192.168.1.9,10.0.0.9,31366,80,UDP,19,755,2301,normal
2026-02-10 21:47:44,192.168.1.19,10.0.0.8,36883,80,UDP,2,3978,3823,normal
2026-02-10 21:47:54,192.168.1.29,10.0.0.3,64586,80,TCP,54,6709,1645,normal
2026-02-10 21:48:04,192.168.1.31,10.0.0.8,40117,21,UDP,35,3366,164,normal
2026-02-10 21:48:14,192.168.1.44,10.0.0.3,4821,21,UDP,5,8180,4338,normal
2026-02-10 21:48:24,192.168.1.32,10.0.0.8,63986,22,TCP,27,8359,965,normal
2026-02-10 21:48:34,192.168.1.19,10.0.0.8,14961,21,UDP,37,1383,1220,normal
2026-02-10 21:48:44,192.168.1.39,10.0.0.4,9629,21,TCP,2,5780,2469,normal
2026-02-10 21:48:54,192.168.1.2,10.0.0.9,33417,443,UDP,15,594,1351,normal
2026-02-10 21:49:04,192.168.1.4,10.0.0.2,61845,21,TCP,33,8949,363,normal
2026-02-10 21:49:14,192.168.1.33,10.0.0.1,7864,21,TCP,54,3891,3638,normal
2026-02-10 21:49:24,192.168.1.27,10.0.0.1,65081,80,UDP,3,7866,3457,normal
2026-02-10 21:49:34,192.168.1.16,10.0.0.7,58825,443,UDP,10,3000,1383,normal
2026-02-10 21:49:44,192.168.1.6,10.0.0.2,10337,21,TCP,14,6374,154,normal
2026-02-10 21:49:54,192.168.1.22,10.0.0.2,17219,21,TCP,18,6190,2938,normal
2026-02-10 21:50:04,192.168.1.42,10.0.0.3,3221,80,TCP,7,2705,2724,normal
2026-02-10 21:50:14,192.168.1.2,10.0.0.9,37109,80,UDP,15,5268,2952,normal
2026-02-10 21:50:24,192.168.1.24,10.0.0.2,26665,80,UDP,58,5111,2590,normal
2026-02-10 21:50:34,192.168.1.23,10.0.0.7,22389,80,TCP,43,5442,4382,normal
2026-02-10 21:50:44,192.168.1.8,10.0.0.4,29457,443,UDP,17,9787,3963,normal
2026-02-10 21:50:54,192.168.1.33,10.0.0.1,10023,21,TCP,29,2726,4708,normal
2026-02-10 21:51:04,192.168.1.42,10.0.0.9,15826,21,TCP,52,6823,453,normal
2026-02-10 21:51:14,192.168.1.23,10.0.0.8,51268,80,UDP,27,8341,2024,normal
2026-02-10 21:51:24,192.168.1.9,10.0.0.2,48177,22,UDP,9,2566,1106,normal
2026-02-10 21:51:34,192.168.1.43,10.0.0.5,10812,22,TCP,1,7102,884,normal
2026-02-10 21:51:44,192.168.1.43,10.0.0.1,38422,22,TCP,54,9650,1704,normal
2026-02-10 21:51:54,192.168.1.38,10.0.0.5,26730,22,TCP,9,6827,1179,normal
2026-02-10 21:52:04,192.168.1.33,10.0.0.1,58404,443,TCP,25,9922,3650,normal
2026-02-10 21:52:14,192.168.1.17,10.0.0.3,10991,80,TCP,6,4972,4664,normal
2026-02-10 21:52:24,192.168.1.19,10.0.0.5,17478,21,UDP,58,753,2900,normal
2026-02-10 21:52:34,192.168.1.50,10.0.0.1,62914,443,UDP,50,4640,3227,normal
2026-02-10 21:52:44,192.168.1.15,10.0.0.9,42862,22,TCP,7,6563,615,normal
2026-02-10 21:52:54,192.168.1.29,10.0.0.8,13082,21,UDP,39,1117,1684,normal
2026-02-10 21:53:04,192.168.1.45,10.0.0.9,55369,21,UDP,57,7028,1888,normal
2026-02-10 21:53:14,192.168.1.8,10.0.0.5,56930,80,TCP,15,4431,295,normal
2026-02-10 21:53:24,192.168.1.28,10.0.0.1,32317,80,UDP,8,4295,1103,normal
2026-02-10 21:53:34,192.168.1.29,10.0.0.6,42028,80,UDP,59,8596,1950,normal
2026-02-10 21:53:44,192.168.1.48,10.0.0.7,54248,80,TCP,24,9254,299,normal
2026-02-10 21:53:54,192.168.1.18,10.0.0.8,59280,443,UDP,33,4994,1044,normal
2026-02-10 21:54:04,192.168.1.9,10.0.0.10,48016,22,UDP,48,5113,3982,normal
2026-02-10 21:54:14,192.168.1.2,10.0.0.5,46070,22,TCP,44,7567,4282,normal
2026-02-10 21:54:24,192.168.1.40,10.0.0.1,21556,22,TCP,48,3989,4952,normal
2026-02-10 21:54:34,192.168.1.24,10.0.0.9,25237,21,UDP,51,3253,1065,normal
2026-02-10 21:54:44,192.168.1.13,10.0.0.1,29611,443,UDP,13,7660,3983,normal
2026-02-10 21:54:54,192.168.1.40,10.0.0.5,21220,21,UDP,27,6753,804,normal
2026-02-10 21:55:04,192.168.1.46,10.0.0.5,3341,443,TCP,40,858,4474,normal
2026-02-10 21:55:14,192.168.1.32,10.0.0.4,57699,21,UDP,51,5764,2179,normal
2026-02-10 21:55:24,192.168.1.40,10.0.0.8,43413,443,TCP,34,8371,1318,normal
2026-02-10 21:55:34,192.168.1.9,10.0.0.5,45431,80,UDP,48,2252,3290,normal
2026-02-10 21:55:44,192.168.1.47,10.0.0.3,48414,80,UDP,46,6616,927,normal
2026-02-10 21:55:54,192.168.1.47,10.0.0.1,15500,443,UDP,16,5180,4873,normal
2026-02-10 21:56:04,192.168.1.47,10.0.0.4,35057,80,UDP,40,9543,1368,normal
2026-02-10 21:56:14,192.168.1.24,10.0.0.10,43159,21,UDP,12,6541,2551,normal
2026-02-10 21:56:24,192.168.1.35,10.0.0.9,12381,443,TCP,21,4133,452,normal
2026-02-10 21:56:34,192.168.1.13,10.0.0.4,2793,21,UDP,41,8182,4345,normal
2026-02-10 21:56:44,192.168.1.10,10.0.0.8,7812,21,TCP,18,9093,3149,normal
2026-02-10 21:56:54,192.168.1.14,10.0.0.9,56411,443,TCP,18,1840,886,normal
2026-02-10 21:57:04,192.168.1.47,10.0.0.5,49111,21,UDP,10,7055,2214,normal
2026-02-10 21:57:14,192.168.1.41,10.0.0.6,49806,22,UDP,53,5795,1242,normal
2026-02-10 21:57:24,192.168.1.47,10.0.0.7,46772,80,TCP,28,3415,3132,normal
2026-02-10 21:57:34,192.168.1.21,10.0.0.1,2593,80,TCP,54,4963,1518,normal
2026-02-10 21:57:44,192.168.1.24,10.0.0.4,37829,22,TCP,55,6287,2724,normal
2026-02-10 21:57:54,192.168.1.42,10.0.0.5,21027,443,UDP,17,3042,181,normal
2026-02-10 21:58:04,192.168.1.23,10.0.0.8,33808,22,TCP,44,9231,4759,normal
2026-02-10 21:58:14,192.168.1.43,10.0.0.5,28556,22,UDP,3,3613,1577,normal
2026-02-10 21:58:24,192.168.1.49,10.0.0.4,10324,21,UDP,45,3839,458,normal
2026-02-10 21:58:34,192.168.1.46,10.0.0.10,22751,80,UDP,47,3189,2416,normal
2026-02-10 21:58:44,192.168.1.22,10.0.0.9,55235,80,TCP,31,3494,334,normal
2026-02-10 21:58:54,192.168.1.41,10.0.0.1,51294,80,TCP,37,5064,1663,normal
2026-02-10 21:59:04,192.168.1.1,10.0.0.10,32790,22,TCP,53,3779,4841,normal
2026-02-10 21:59:14,192.168.1.1,10.0.0.6,50883,443,UDP,9,5567,3491,normal
2026-02-10 21:59:24,192.168.1.44,10.0.0.6,23090,21,UDP,30,3321,1873,normal
2026-02-10 21:59:34,192.168.1.33,10.0.0.7,36085,443,TCP,16,3792,1431,normal
2026-02-10 21:59:44,192.168.1.23,10.0.0.7,5127,21,TCP,12,4811,290,normal
2026-02-10 21:59:54,192.168.1.17,10.0.0.4,28814,80,UDP,18,6650,2078,normal
2026-02-10 22:00:04,192.168.1.41,10.0.0.1,45745,443,TCP,13,835,870,normal
2026-02-10 22:00:14,192.168.1.42,10.0.0.1,26372,21,TCP,60,834,1228,normal
2026-02-10 22:00:24,192.168.1.9,10.0.0.3,12494,21,TCP,17,7140,4152,normal
2026-02-10 22:00:34,192.168.1.7,10.0.0.8,22825,80,TCP,37,4269,658,normal
2026-02-10 22:00:44,192.168.1.29,10.0.0.9,39238,443,TCP,11,201,1660,normal
2026-02-10 22:00:54,192.168.1.31,10.0.0.2,47036,80,UDP,44,3974,1114,normal
2026-02-10 22:01:04,192.168.1.48,10.0.0.4,49042,22,TCP,9,4523,3065,normal
2026-02-10 22:01:14,192.168.1.2,10.0.0.2,63387,80,TCP,55,8835,1120,normal
2026-02-10 22:01:24,192.168.1.48,10.0.0.5,34598,443,UDP,42,4958,2342,normal
2026-02-10 22:01:34,192.168.1.13,10.0.0.9,29074,80,TCP,34,9831,1812,normal
2026-02-10 22:01:44,192.168.1.27,10.0.0.6,16643,22,UDP,11,3911,1185,normal
2026-02-10 22:01:54,192.168.1.39,10.0.0.5,25619,21,TCP,57,6619,323,normal
2026-02-10 22:02:04,192.168.1.3,10.0.0.9,15330,22,UDP,13,4769,4453,normal
2026-02-10 22:02:14,192.168.1.22,10.0.0.2,24159,80,TCP,29,1098,3040,normal
2026-02-10 22:02:24,192.168.1.9,10.0.0.3,5621,22,UDP,40,3403,2320,normal
2026-02-10 22:02:34,192.168.1.10,10.0.0.10,51318,443,UDP,58,2035,2132,normal
2026-02-10 22:02:44,192.168.1.28,10.0.0.1,41538,80,UDP,34,6087,4254,normal
2026-02-10 22:02:54,192.168.1.43,10.0.0.1,31956,443,UDP,50,5246,1400,normal
2026-02-10 22:03:04,192.168.1.33,10.0.0.8,40808,22,UDP,21,5886,2438,normal
2026-02-10 22:03:14,192.168.1.4,10.0.0.4,20813,443,UDP,41,148,2103,normal
2026-02-10 22:03:24,192.168.1.10,10.0.0.7,15361,443,TCP,38,4747,983,normal
2026-02-10 22:03:34,192.168.1.36,10.0.0.8,2983,80,TCP,47,7086,2524,normal
2026-02-10 22:03:44,192.168.1.46,10.0.0.7,60613,80,UDP,54,8772,2110,normal
2026-02-10 22:03:54,192.168.1.12,10.0.0.5,48116,21,UDP,28,156,2384,normal
2026-02-10 22:04:04,192.168.1.38,10.0.0.6,5453,443,TCP,42,6161,1381,normal
2026-02-10 22:04:14,192.168.1.27,10.0.0.3,42649,443,TCP,45,4656,1919,normal
2026-02-10 22:04:24,192.168.1.39,10.0.0.1,12904,443,TCP,3,206,1794,normal
2026-02-10 22:04:34,192.168.1.22,10.0.0.4,37042,21,TCP,20,993,2248,normal
2026-02-10 22:04:44,192.168.1.8,10.0.0.8,1978,21,TCP,25,1992,2639,normal
2026-02-10 22:04:54,192.168.1.8,10.0.0.8,58640,22,TCP,22,6688,2180,normal
2026-02-10 22:05:04,192.168.1.12,10.0.0.1,40604,443,UDP,2,1678,2668,normal
2026-02-10 22:05:14,192.168.1.13,10.0.0.9,1482,443,UDP,17,2184,3591,normal
2026-02-10 22:05:24,192.168.1.2,10.0.0.5,29966,22,TCP,48,4701,3318,normal
2026-02-10 22:05:34,192.168.1.14,10.0.0.10,23339,22,TCP,42,5173,1205,normal
2026-02-10 22:05:44,192.168.1.4,10.0.0.1,31041,21,UDP,45,1557,3780,normal
2026-02-10 22:05:54,192.168.1.3,10.0.0.6,49085,80,TCP,27,6885,1374,normal
2026-02-10 22:06:04,192.168.1.12,10.0.0.2,62475,22,TCP,9,1532,2774,normal
2026-02-10 22:06:14,192.168.1.17,10.0.0.2,30614,22,UDP,38,9112,4420,normal
2026-02-10 22:06:24,192.168.1.46,10.0.0.9,29880,80,UDP,8,1401,831,normal
2026-02-10 22:06:34,192.168.1.5,10.0.0.2,23715,443,TCP,15,2758,845,normal
2026-02-10 22:06:44,192.168.1.23,10.0.0.6,42836,21,UDP,42,5441,3080,normal
2026-02-10 22:06:54,192.168.1.21,10.0.0.3,4678,22,UDP,45,8884,1511,normal
2026-02-10 22:07:04,192.168.1.44,10.0.0.9,16183,80,TCP,37,7721,3961,normal
2026-02-10 22:07:14,192.168.1.21,10.0.0.3,20351,22,UDP,3,8148,2023,normal
2026-02-10 22:07:24,192.168.1.14,10.0.0.4,22660,22,UDP,46,2022,984,normal
2026-02-10 22:07:34,192.168.1.38,10.0.0.1,46757,21,TCP,45,9426,1386,normal
2026-02-10 22:07:44,192.168.1.33,10.0.0.5,30984,80,TCP,25,8292,3971,normal
2026-02-10 22:07:54,192.168.1.28,10.0.0.6,4018,443,TCP,6,1515,471,normal
2026-02-10 22:08:04,192.168.1.44,10.0.0.8,3942,21,UDP,57,822,4405,normal
2026-02-10 22:08:14,192.168.1.47,10.0.0.5,41405,443,TCP,2,1608,2112,normal
2026-02-10 22:08:24,192.168.1.24,10.0.0.9,16229,443,TCP,44,5301,2703,normal
2026-02-10 22:08:34,192.168.1.6,10.0.0.4,8878,80,UDP,33,2213,4050,normal
2026-02-10 22:08:44,192.168.1.19,10.0.0.6,62731,80,TCP,36,9087,3264,normal
2026-02-10 22:08:54,192.168.1.35,10.0.0.5,5431,443,UDP,24,9571,4991,normal
2026-02-10 22:09:04,192.168.1.5,10.0.0.1,57109,443,TCP,29,8088,2374,normal
2026-02-10 22:09:14,192.168.1.35,10.0.0.6,42747,443,UDP,59,5471,4360,normal
2026-02-10 22:09:24,192.168.1.40,10.0.0.6,30180,443,UDP,23,9100,1786,normal
2026-02-10 22:09:34,192.168.1.31,10.0.0.1,63368,22,TCP,52,8711,4522,normal
2026-02-10 22:09:44,192.168.1.33,10.0.0.3,3300,22,TCP,7,1208,4395,normal
2026-02-10 22:09:54,192.168.1.39,10.0.0.7,44127,21,UDP,28,1072,4452,normal
2026-02-10 22:10:04,192.168.1.16,10.0.0.9,51144,21,TCP,26,8181,4493,normal
2026-02-10 22:10:14,192.168.1.26,10.0.0.7,57664,80,UDP,56,6143,3063,normal
2026-02-10 22:10:24,192.168.1.14,10.0.0.10,59201,21,UDP,31,664,3245,normal
2026-02-10 22:10:34,192.168.1.49,10.0.0.2,61890,21,TCP,19,4050,4154,normal
2026-02-10 22:10:44,192.168.1.21,10.0.0.1,21313,22,TCP,54,8126,3569,normal
2026-02-10 22:10:54,192.168.1.28,10.0.0.7,49118,80,UDP,57,1278,1465,normal
2026-02-10 22:11:04,192.168.1.30,10.0.0.7,62610,22,UDP,12,4892,2445,normal
2026-02-10 22:11:14,192.168.1.27,10.0.0.2,41529,21,TCP,54,1397,922,normal
2026-02-10 22:11:24,192.168.1.34,10.0.0.5,33630,80,TCP,35,9496,1828,normal
2026-02-10 22:11:34,192.168.1.3,10.0.0.1,50406,22,TCP,26,445,1794,normal
2026-02-10 22:11:44,192.168.1.27,10.0.0.1,4852,80,TCP,1,6932,763,normal
2026-02-10 22:11:54,192.168.1.39,10.0.0.5,56592,21,UDP,8,7686,2024,normal
2026-02-10 22:12:04,192.168.1.38,10.0.0.3,31673,443,UDP,7,7272,4355,normal
2026-02-10 22:12:14,192.168.1.39,10.0.0.7,10011,443,UDP,10,3464,2536,normal
2026-02-10 22:12:24,192.168.1.47,10.0.0.9,54005,443,TCP,57,8577,4503,normal
2026-02-10 22:12:34,192.168.1.16,10.0.0.7,32999,80,TCP,50,6095,3716,normal
2026-02-10 22:12:44,192.168.1.8,10.0.0.1,57097,443,TCP,50,7884,1580,normal
2026-02-10 22:12:54,192.168.1.39,10.0.0.7,39115,443,UDP,8,152,2743,normal
2026-02-10 22:13:04,192.168.1.14,10.0.0.4,61179,22,UDP,35,3436,3273,normal
2026-02-10 22:13:14,192.168.1.49,10.0.0.5,14892,22,UDP,11,9361,4707,normal
2026-02-10 22:13:24,192.168.1.40,10.0.0.4,56650,80,UDP,29,8194,3243,normal
2026-02-10 22:13:34,192.168.1.35,10.0.0.7,50443,443,UDP,41,1396,897,normal
2026-02-10 22:13:44,192.168.1.31,10.0.0.1,11170,80,UDP,53,4923,340,normal
2026-02-10 22:13:54,192.168.1.10,10.0.0.10,59666,80,TCP,15,6501,4040,normal
2026-02-10 22:14:04,192.168.1.26,10.0.0.9,61497,443,TCP,52,1803,2384,normal
2026-02-10 22:14:14,192.168.1.7,10.0.0.3,15614,80,TCP,51,5490,1153,normal
2026-02-10 22:14:24,192.168.1.43,10.0.0.8,25836,443,UDP,57,2666,4694,normal
2026-02-10 22:14:34,192.168.1.13,10.0.0.3,51119,80,TCP,9,7422,4775,normal
2026-02-10 22:14:44,192.168.1.47,10.0.0.10,50971,22,TCP,20,1559,173,normal
2026-02-10 22:14:54,192.168.1.19,10.0.0.1,48167,21,TCP,27,9279,3272,normal
2026-02-10 22:15:04,192.168.1.1,10.0.0.7,60669,80,TCP,41,5432,1381,normal
2026-02-10 22:15:14,192.168.1.12,10.0.0.10,15804,443,UDP,30,2761,580,normal
2026-02-10 22:15:24,192.168.1.8,10.0.0.9,28253,21,TCP,16,3621,2088,normal
2026-02-10 22:15:34,192.168.1.38,10.0.0.7,16494,21,TCP,33,9234,3190,normal
2026-02-10 22:15:44,192.168.1.44,10.0.0.7,39878,80,TCP,23,6306,571,normal
2026-02-10 22:15:54,192.168.1.36,10.0.0.10,56774,22,TCP,30,7808,4430,normal
2026-02-10 22:16:04,192.168.1.34,10.0.0.3,45660,21,TCP,28,6547,4051,normal
2026-02-10 22:16:14,192.168.1.40,10.0.0.6,62872,22,UDP,11,7980,3415,normal
2026-02-10 22:16:24,192.168.1.8,10.0.0.1,39932,80,TCP,36,4012,2316,normal
2026-02-10 22:16:34,192.168.1.32,10.0.0.3,9097,443,TCP,55,2698,164,normal
2026-02-10 22:16:44,192.168.1.47,10.0.0.10,51487,21,TCP,29,4055,490,normal
2026-02-10 22:16:54,192.168.1.12,10.0.0.4,56033,22,TCP,38,1230,1442,normal
2026-02-10 22:17:04,192.168.1.38,10.0.0.6,62552,21,UDP,33,1298,571,normal
2026-02-10 22:17:14,192.168.1.14,10.0.0.2,22549,80,TCP,33,9750,2609,normal
2026-02-10 22:17:24,192.168.1.23,10.0.0.1,12851,443,UDP,8,1699,3120,normal
2026-02-10 22:17:34,192.168.1.46,10.0.0.9,20611,22,TCP,11,2933,4422,normal
2026-02-10 22:17:44,192.168.1.14,10.0.0.6,54525,443,TCP,55,1683,3054,normal
2026-02-10 22:17:54,192.168.1.46,10.0.0.4,29684,21,UDP,11,7840,1638,normal
2026-02-10 22:18:04,192.168.1.26,10.0.0.4,61597,21,TCP,35,6421,2498,normal
2026-02-10 22:18:14,192.168.1.5,10.0.0.3,48348,21,UDP,38,288,3036,normal
2026-02-10 22:18:24,192.168.1.6,10.0.0.2,30723,443,UDP,54,704,4101,normal
2026-02-10 22:18:34,192.168.1.29,10.0.0.10,18537,80,TCP,31,3782,2053,normal
2026-02-10 22:18:44,192.168.1.40,10.0.0.5,65241,21,TCP,19,767,3327,normal
2026-02-10 22:18:54,192.168.1.14,10.0.0.10,56097,21,UDP,51,8163,3659,normal
2026-02-10 22:19:04,192.168.1.11,10.0.0.1,56969,80,UDP,11,6037,2926,normal
2026-02-10 22:19:14,192.168.1.32,10.0.0.7,17871,22,TCP,55,6613,4424,normal
2026-02-10 22:19:24,192.168.1.16,10.0.0.3,32246,22,TCP,39,5877,4640,normal
2026-02-10 22:19:34,192.168.1.4,10.0.0.2,25878,21,UDP,56,1266,4571,normal
2026-02-10 22:19:44,192.168.1.7,10.0.0.1,19631,443,UDP,32,6944,4964,normal
2026-02-10 22:19:54,192.168.1.37,10.0.0.5,56191,22,UDP,38,603,632,normal
2026-02-10 22:20:04,192.168.1.36,10.0.0.7,51020,22,UDP,52,8261,3131,normal
2026-02-10 22:20:14,192.168.1.30,10.0.0.2,62745,443,TCP,34,9193,3197,normal
2026-02-10 22:20:24,192.168.1.8,10.0.0.7,35927,80,UDP,45,1734,1083,normal
2026-02-10 22:20:34,192.168.1.22,10.0.0.10,36798,80,UDP,56,1664,4779,normal
2026-02-10 22:20:44,192.168.1.10,10.0.0.4,35456,21,UDP,48,9899,1206,normal
2026-02-10 22:20:54,192.168.1.20,10.0.0.10,32648,80,TCP,51,2320,3402,normal
2026-02-10 22:21:04,192.168.1.6,10.0.0.4,1426,22,UDP,21,639,448,normal
2026-02-10 22:21:14,192.168.1.38,10.0.0.10,11309,443,TCP,9,1007,221,normal
2026-02-10 22:21:24,192.168.1.7,10.0.0.5,13366,443,UDP,29,2781,3763,normal
2026-02-10 22:21:34,192.168.1.14,10.0.0.10,39542,22,UDP,47,3655,4342,normal
2026-02-10 22:21:44,192.168.1.30,10.0.0.10,42765,21,TCP,2,6107,504,normal
2026-02-10 22:21:54,192.168.1.27,10.0.0.7,46812,80,TCP,30,5407,2248,normal
2026-02-10 22:22:04,192.168.1.38,10.0.0.10,11762,80,TCP,53,2623,1279,normal
2026-02-10 22:22:14,192.168.1.15,10.0.0.7,10354,21,TCP,21,3290,2993,normal
2026-02-10 22:22:24,192.168.1.12,10.0.0.9,24838,21,UDP,54,5794,3498,normal
2026-02-10 22:22:34,192.168.1.4,10.0.0.6,24834,21,TCP,57,2023,2643,normal
2026-02-10 22:22:44,192.168.1.31,10.0.0.5,8031,21,UDP,23,5475,4286,normal
2026-02-10 22:22:54,192.168.1.18,10.0.0.9,6083,80,TCP,41,4750,820,normal
2026-02-10 22:23:04,192.168.1.42,10.0.0.5,56932,443,TCP,7,823,3085,normal
2026-02-10 22:23:14,192.168.1.6,10.0.0.1,21791,22,TCP,43,9056,3948,normal
2026-02-10 22:23:24,192.168.1.7,10.0.0.10,50543,80,TCP,30,347,3309,normal
2026-02-10 22:23:34,192.168.1.35,10.0.0.5,24557,22,UDP,37,3614,3690,normal
2026-02-10 22:23:44,192.168.1.2,10.0.0.10,29965,21,UDP,16,5711,4432,normal
2026-02-10 22:23:54,192.168.1.32,10.0.0.4,18471,443,TCP,11,6818,970,normal
2026-02-10 22:24:04,192.168.1.19,10.0.0.5,15467,22,TCP,20,1701,800,normal
2026-02-10 22:24:14,192.168.1.43,10.0.0.9,2241,21,TCP,51,7763,754,normal
2026-02-10 22:24:24,192.168.1.8,10.0.0.9,56486,21,UDP,24,5255,1967,normal
2026-02-10 22:24:34,192.168.1.41,10.0.0.1,2389,21,TCP,23,3483,1047,normal
2026-02-10 22:24:44,192.168.1.43,10.0.0.2,51920,21,UDP,47,7327,4288,normal
2026-02-10 22:24:54,192.168.1.18,10.0.0.10,7042,443,TCP,53,735,4650,normal
2026-02-10 22:25:04,192.168.1.48,10.0.0.1,34371,80,UDP,30,9964,4763,normal
2026-02-10 22:25:14,192.168.1.30,10.0.0.3,29294,21,UDP,59,6305,4605,normal
2026-02-10 22:25:24,192.168.1.27,10.0.0.9,35425,21,TCP,25,8986,1941,normal
2026-02-10 22:25:34,192.168.1.39,10.0.0.7,18209,443,UDP,14,496,4507,normal
2026-02-10 22:25:44,192.168.1.45,10.0.0.9,65424,443,UDP,18,9901,1095,normal
2026-02-10 22:25:54,192.168.1.44,10.0.0.6,62010,80,UDP,51,878,557,normal
2026-02-10 22:26:04,192.168.1.22,10.0.0.4,30650,21,UDP,49,9824,4432,normal
2026-02-10 22:26:14,192.168.1.23,10.0.0.1,35446,22,TCP,4,1368,4448,normal
2026-02-10 22:26:24,192.168.1.5,10.0.0.3,50261,21,UDP,43,363,1359,normal
2026-02-10 22:26:34,192.168.1.28,10.0.0.1,26783,443,TCP,8,3438,4116,normal
2026-02-10 22:26:44,192.168.1.28,10.0.0.6,31143,443,UDP,35,4470,2265,normal
2026-02-10 22:26:54,192.168.1.47,10.0.0.9,56013,22,UDP,20,4057,3103,normal
2026-02-10 22:27:04,192.168.1.27,10.0.0.3,20345,443,TCP,7,2324,623,normal
2026-02-10 22:27:14,192.168.1.29,10.0.0.7,65147,443,TCP,17,8599,3804,normal
2026-02-10 22:27:24,192.168.1.16,10.0.0.2,32369,22,TCP,40,143,1105,normal
2026-02-10 22:27:34,192.168.1.38,10.0.0.7,63122,80,TCP,59,8016,3834,normal
2026-02-10 22:27:44,192.168.1.30,10.0.0.8,27578,21,UDP,34,7617,1195,normal
2026-02-10 22:27:54,192.168.1.18,10.0.0.3,7110,22,TCP,48,4573,675,normal
2026-02-10 22:28:04,192.168.1.23,10.0.0.3,28232,443,TCP,13,8234,1758,normal
2026-02-10 22:28:14,192.168.1.20,10.0.0.3,11649,80,TCP,21,2166,2022,normal
2026-02-10 22:28:24,192.168.1.6,10.0.0.7,9956,80,UDP,23,6853,2658,normal
2026-02-10 22:28:34,192.168.1.14,10.0.0.6,29758,22,UDP,55,9417,4469,normal
2026-02-10 22:28:44,192.168.1.11,10.0.0.2,36486,21,UDP,33,8913,2262,normal
2026-02-10 22:28:54,192.168.1.23,10.0.0.10,42721,22,TCP,7,4715,1027,normal
2026-02-10 22:29:04,192.168.1.39,10.0.0.5,61317,443,TCP,17,8975,3182,normal
2026-02-10 22:29:14,192.168.1.19,10.0.0.8,5271,80,TCP,21,7424,2734,normal
2026-02-10 22:29:24,192.168.1.30,10.0.0.5,49846,22,UDP,23,9108,3019,normal
2026-02-10 22:29:34,192.168.1.50,10.0.0.7,54006,22,TCP,15,992,2607,normal
2026-02-10 22:29:44,192.168.1.24,10.0.0.5,37777,22,TCP,46,2256,1756,normal
2026-02-10 22:29:54,192.168.1.39,10.0.0.3,49516,443,TCP,50,1321,2350,normal
2026-02-10 22:30:04,192.168.1.32,10.0.0.7,25120,21,UDP,54,4167,4556,normal
2026-02-10 22:30:14,192.168.1.2,10.0.0.8,33333,22,TCP,30,4214,3421,normal
2026-02-10 22:30:24,192.168.1.3,10.0.0.1,24967,443,TCP,45,2461,3815,normal
2026-02-10 22:30:34,192.168.1.13,10.0.0.3,65162,22,TCP,25,6274,367,normal
2026-02-10 22:30:44,192.168.1.6,10.0.0.3,14332,80,UDP,54,7608,3506,normal
2026-02-10 22:30:54,192.168.1.3,10.0.0.1,19402,443,TCP,60,6963,957,normal
2026-02-10 22:31:04,192.168.1.6,10.0.0.10,10224,443,UDP,22,4161,2464,normal
2026-02-10 22:31:14,192.168.1.31,10.0.0.1,37651,22,TCP,29,8513,3270,normal
2026-02-10 22:31:24,192.168.1.9,10.0.0.9,39806,22,TCP,58,9217,2872,normal
2026-02-10 22:31:34,192.168.1.24,10.0.0.1,35244,22,UDP,58,2454,140,normal
2026-02-10 22:31:44,192.168.1.48,10.0.0.1,18709,443,UDP,50,4073,3355,normal
2026-02-10 22:31:54,192.168.1.3,10.0.0.1,30852,80,TCP,7,5476,4624,normal
2026-02-10 22:32:04,192.168.1.12,10.0.0.10,61621,21,UDP,27,3616,2751,normal
2026-02-10 22:32:14,192.168.1.7,10.0.0.8,24092,80,UDP,9,5656,202,normal
2026-02-10 22:32:24,192.168.1.27,10.0.0.5,57493,22,TCP,21,1365,4764,normal
2026-02-10 22:32:34,192.168.1.41,10.0.0.4,44884,443,TCP,53,5073,329,normal
2026-02-10 22:32:44,192.168.1.7,10.0.0.7,24369,80,UDP,24,768,3378,normal
2026-02-10 22:32:54,192.168.1.11,10.0.0.6,7274,80,UDP,10,1553,1868,normal
2026-02-10 22:33:04,192.168.1.32,10.0.0.7,40997,80,TCP,50,9893,4629,normal
2026-02-10 22:33:14,192.168.1.19,10.0.0.6,3919,22,TCP,13,8107,3690,normal
2026-02-10 22:33:24,192.168.1.19,10.0.0.8,30168,22,TCP,57,5493,1876,normal
2026-02-10 22:33:34,192.168.1.4,10.0.0.6,14908,443,TCP,45,3823,906,normal
2026-02-10 22:33:44,192.168.1.46,10.0.0.4,43096,21,TCP,2,1653,2969,normal
2026-02-10 22:33:54,192.168.1.17,10.0.0.6,48325,80,UDP,43,1809,4298,normal
2026-02-10 22:34:04,192.168.1.38,10.0.0.8,65352,80,TCP,57,8477,3639,normal
2026-02-10 22:34:14,192.168.1.44,10.0.0.4,16417,22,TCP,58,899,3319,normal
2026-02-10 22:34:24,192.168.1.22,10.0.0.5,62440,443,TCP,47,1496,4770,normal
2026-02-10 22:34:34,192.168.1.39,10.0.0.6,21576,80,TCP,60,9055,2544,normal
2026-02-10 22:34:44,192.168.1.30,10.0.0.4,43062,80,TCP,26,5205,3098,normal
2026-02-10 22:34:54,192.168.1.20,10.0.0.9,45985,22,TCP,30,796,1406,normal
2026-02-10 22:35:04,192.168.1.13,10.0.0.6,6518,80,UDP,26,7544,3153,normal
2026-02-10 22:35:14,192.168.1.36,10.0.0.2,24387,21,TCP,46,5377,1849,normal
2026-02-10 22:35:24,192.168.1.45,10.0.0.2,49702,443,TCP,28,7493,2444,normal
2026-02-10 22:35:34,192.168.1.2,10.0.0.2,1563,443,TCP,55,6422,1974,normal
2026-02-10 22:35:44,192.168.1.6,10.0.0.10,32536,22,UDP,60,9424,2142,normal
2026-02-10 22:35:54,192.168.1.30,10.0.0.6,27353,21,TCP,49,9360,4927,normal
2026-02-10 22:36:04,192.168.1.49,10.0.0.7,64980,443,UDP,12,4032,4207,normal
2026-02-10 22:36:14,192.168.1.9,10.0.0.4,53277,22,TCP,40,3346,2847,normal
2026-02-10 22:36:24,192.168.1.12,10.0.0.4,47159,21,TCP,36,8047,3077,normal
2026-02-10 22:36:34,192.168.1.14,10.0.0.1,8609,80,UDP,34,5108,4234,normal
2026-02-10 22:36:44,192.168.1.38,10.0.0.10,17381,22,UDP,59,6837,729,normal
2026-02-10 22:36:54,192.168.1.6,10.0.0.8,50105,443,UDP,13,5524,3003,normal
2026-02-10 22:37:04,192.168.1.31,10.0.0.5,3186,80,TCP,33,751,356,normal
2026-02-10 22:37:14,192.168.1.33,10.0.0.9,15864,22,TCP,17,3010,2186,normal
2026-02-10 22:37:24,192.168.1.47,10.0.0.8,18380,21,TCP,22,4075,605,normal
2026-02-10 22:37:34,192.168.1.11,10.0.0.6,29362,80,UDP,46,2078,3259,normal
2026-02-10 22:37:44,192.168.1.10,10.0.0.5,34847,80,TCP,43,4552,2034,normal
2026-02-10 22:37:54,192.168.1.47,10.0.0.1,12388,80,UDP,22,374,826,normal
2026-02-10 22:38:04,192.168.1.36,10.0.0.6,60218,80,TCP,59,5790,1997,normal
2026-02-10 22:38:14,192.168.1.20,10.0.0.5,55820,80,UDP,7,4856,301,normal
2026-02-10 22:38:24,192.168.1.2,10.0.0.5,2332,21,TCP,37,8606,3658,normal
2026-02-10 22:38:34,192.168.1.48,10.0.0.1,14507,21,TCP,4,6751,2125,normal
2026-02-10 22:38:44,192.168.1.43,10.0.0.10,54447,22,UDP,37,2316,3620,normal
2026-02-10 22:38:54,192.168.1.11,10.0.0.3,5947,22,UDP,57,7439,4851,normal
2026-02-10 22:39:04,192.168.1.14,10.0.0.4,40385,80,UDP,46,4928,1796,normal
2026-02-10 22:39:14,192.168.1.49,10.0.0.8,2287,21,UDP,36,658,3975,normal
2026-02-10 22:39:24,192.168.1.47,10.0.0.2,62531,80,TCP,59,7294,1012,normal
2026-02-10 22:39:34,192.168.1.47,10.0.0.9,54548,80,UDP,37,4952,1503,normal
2026-02-10 22:39:44,192.168.1.13,10.0.0.7,12265,21,UDP,9,6099,4974,normal
2026-02-10 22:39:54,192.168.1.46,10.0.0.9,7175,22,UDP,20,4031,405,normal
2026-02-10 22:40:04,192.168.1.30,10.0.0.8,36396,80,UDP,38,4845,1364,normal
2026-02-10 22:40:14,192.168.1.46,10.0.0.4,60373,80,TCP,15,2059,2547,normal
2026-02-10 22:40:24,192.168.1.3,10.0.0.6,50209,22,TCP,54,7067,4445,normal
2026-02-10 22:40:34,192.168.1.1,10.0.0.7,55227,21,UDP,58,2945,1176,normal
2026-02-10 22:40:44,192.168.1.20,10.0.0.9,56851,21,UDP,43,1526,4509,normal
2026-02-10 22:40:54,192.168.1.19,10.0.0.3,43437,22,UDP,41,573,4711,normal
2026-02-10 22:41:04,192.168.1.5,10.0.0.9,60815,22,TCP,32,103,4213,normal
2026-02-10 22:41:14,192.168.1.25,10.0.0.2,37150,22,TCP,33,3729,423,normal
2026-02-10 22:41:24,192.168.1.29,10.0.0.3,17516,22,TCP,9,3385,4077,normal
2026-02-10 22:41:34,192.168.1.19,10.0.0.2,64932,80,TCP,40,1019,1765,normal
2026-02-10 22:41:44,192.168.1.50,10.0.0.7,57798,443,UDP,29,5584,4259,normal
2026-02-10 22:41:54,192.168.1.36,10.0.0.8,19246,21,TCP,16,1793,1651,normal
2026-02-10 22:42:04,192.168.1.41,10.0.0.4,18077,21,TCP,51,9346,3494,normal
2026-02-10 22:42:14,192.168.1.20,10.0.0.4,62445,22,UDP,31,2593,814,normal
2026-02-10 22:42:24,192.168.1.36,10.0.0.10,60897,22,TCP,44,6786,4368,normal
2026-02-10 22:42:34,192.168.1.15,10.0.0.4,38435,443,UDP,7,8385,1512,normal
2026-02-10 22:42:44,192.168.1.3,10.0.0.9,8147,443,UDP,48,603,3801,normal
2026-02-10 22:42:54,192.168.1.44,10.0.0.6,8500,80,TCP,56,3186,3042,normal
2026-02-10 22:43:04,192.168.1.16,10.0.0.1,30887,80,TCP,10,9024,3157,normal
2026-02-10 22:43:14,192.168.1.31,10.0.0.2,59155,22,UDP,21,440,3060,normal
2026-02-10 22:43:24,203.0.113.8,10.0.0.7,9143,22,TCP,1055,289302,922,dos
2026-02-10 22:43:29,203.0.113.4,10.0.0.5,27734,3389,TCP,2193,597264,827,dos
2026-02-10 22:43:34,203.0.113.5,10.0.0.9,50633,3389,TCP,1127,340748,276,brute_force
2026-02-10 22:43:39,203.0.113.8,10.0.0.7,58803,23,TCP,3442,946417,707,port_scan
2026-02-10 22:43:44,203.0.113.6,10.0.0.7,8597,3389,TCP,1724,271287,511,port_scan
2026-02-10 22:43:49,203.0.113.7,10.0.0.6,29433,3389,TCP,1283,976839,596,port_scan
2026-02-10 22:43:54,203.0.113.2,10.0.0.1,49479,3389,TCP,3184,389686,312,dos
2026-02-10 22:43:59,203.0.113.9,10.0.0.2,54778,22,TCP,1624,260885,345,brute_force
2026-02-10 22:44:04,203.0.113.6,10.0.0.10,37422,23,TCP,3375,129198,777,dos
2026-02-10 22:44:09,203.0.113.7,10.0.0.8,64150,23,TCP,1916,106391,376,port_scan
2026-02-10 22:44:14,203.0.113.9,10.0.0.8,39797,23,TCP,997,881899,540,brute_force
2026-02-10 22:44:19,203.0.113.8,10.0.0.8,58752,3389,TCP,3361,251010,985,dos
2026-02-10 22:44:24,203.0.113.7,10.0.0.5,4669,3389,TCP,651,643820,702,brute_force
2026-02-10 22:44:29,203.0.113.10,10.0.0.1,49376,22,TCP,1212,942811,347,brute_force
2026-02-10 22:44:34,203.0.113.10,10.0.0.4,20116,22,TCP,1954,629804,169,brute_force
2026-02-10 22:44:39,203.0.113.1,10.0.0.2,18261,3389,TCP,1544,973966,990,dos
2026-02-10 22:44:44,203.0.113.10,10.0.0.7,27643,23,TCP,1652,555273,602,port_scan
2026-02-10 22:44:49,203.0.113.8,10.0.0.2,62139,3389,TCP,1935,256899,458,port_scan
2026-02-10 22:44:54,203.0.113.2,10.0.0.7,56534,23,TCP,3548,727907,525,dos
2026-02-10 22:44:59,203.0.113.9,10.0.0.8,34891,23,TCP,1456,374953,671,dos
2026-02-10 22:45:04,203.0.113.2,10.0.0.2,20558,3389,TCP,1971,104787,762,port_scan
2026-02-10 22:45:09,203.0.113.7,10.0.0.6,3649,23,TCP,355,368177,184,brute_force
2026-02-10 22:45:14,203.0.113.10,10.0.0.10,39955,23,TCP,2408,583382,468,port_scan
2026-02-10 22:45:19,203.0.113.7,10.0.0.6,28325,3389,TCP,1821,399738,452,dos
2026-02-10 22:45:24,203.0.113.1,10.0.0.10,37116,23,TCP,1285,269668,569,brute_force
2026-02-10 22:45:29,203.0.113.4,10.0.0.10,37360,23,TCP,1153,535798,586,dos
2026-02-10 22:45:34,203.0.113.5,10.0.0.3,55669,23,TCP,3315,616176,368,brute_force
2026-02-10 22:45:39,203.0.113.2,10.0.0.8,7165,23,TCP,2302,609834,300,port_scan
2026-02-10 22:45:44,203.0.113.3,10.0.0.4,20347,3389,TCP,2839,486096,314,brute_force
2026-02-10 22:45:49,203.0.113.6,10.0.0.3,4901,3389,TCP,2508,425517,546,port_scan
2026-02-10 22:45:54,203.0.113.6,10.0.0.5,31457,22,TCP,1078,431518,273,brute_force
2026-02-10 22:45:59,203.0.113.8,10.0.0.5,33007,3389,TCP,3215,937791,469,dos
2026-02-10 22:46:04,203.0.113.5,10.0.0.3,10552,22,TCP,1366,519598,599,dos
2026-02-10 22:46:09,203.0.113.6,10.0.0.9,44828,3389,TCP,480,443788,374,port_scan
2026-02-10 22:46:14,203.0.113.8,10.0.0.5,45568,22,TCP,605,774340,487,port_scan
2026-02-10 22:46:19,203.0.113.1,10.0.0.2,19137,23,TCP,1038,113167,653,port_scan
2026-02-10 22:46:24,203.0.113.6,10.0.0.10,28200,22,TCP,2598,480967,830,brute_force
2026-02-10 22:46:29,203.0.113.4,10.0.0.7,53608,3389,TCP,2728,411186,229,dos
2026-02-10 22:46:34,203.0.113.1,10.0.0.6,28905,22,TCP,1723,730763,373,brute_force
2026-02-10 22:46:39,203.0.113.5,10.0.0.8,36106,3389,TCP,2558,288889,266,port_scan
2026-02-10 22:46:44,203.0.113.7,10.0.0.10,53203,22,TCP,2919,430923,629,port_scan
2026-02-10 22:46:49,203.0.113.10,10.0.0.6,60866,22,TCP,3450,296511,116,brute_force
2026-02-10 22:46:54,203.0.113.6,10.0.0.6,56424,22,TCP,1733,846093,461,dos
2026-02-10 22:46:59,203.0.113.2,10.0.0.8,44806,23,TCP,3148,412299,585,brute_force
2026-02-10 22:47:04,203.0.113.9,10.0.0.9,60777,23,TCP,1003,269331,958,port_scan
2026-02-10 22:47:09,203.0.113.1,10.0.0.1,20072,3389,TCP,385,923485,515,port_scan
2026-02-10 22:47:14,203.0.113.5,10.0.0.2,62919,3389,TCP,3477,316496,127,brute_force
2026-02-10 22:47:19,203.0.113.1,10.0.0.3,6997,23,TCP,1108,122743,203,port_scan
2026-02-10 22:47:24,203.0.113.5,10.0.0.4,12033,3389,TCP,1552,680085,878,dos
2026-02-10 22:47:29,203.0.113.9,10.0.0.6,48468,3389,TCP,1168,328117,158,port_scan
